Class	Genus	species_cl_92	strain_cl_96	Genome_count	singletons_96	pct_single_96	singletons_92	pct_single_92	strain_cl_93	singletons_93	pct_single_93	strain_cl_94	singletons_94	pct_single_94	strain_cl_95	singletons_95	pct_single_95	strain_cl_97	singletons_97	pct_single_97	strain_cl_98	singletons_98	pct_single_98	strain_cl_99	singletons_99	pct_single_99
Methanobacteria	Methanobrevibacter_A	4	4	208	1	25	1	25	4	1	25	4	1	25	4	1	25	4	1	25	4	1	25	5	2	40
Actinomycetia	Actinomyces	31	67	666	29	43.3	10	32.3	34	11	32.4	40	12	30	45	14	31.1	143	89	62.2	306	231	75.5	494	422	85.4
Actinomycetia	Alloscardovia	3	3	18	0	0	0	0	3	0	0	3	0	0	3	0	0	3	0	0	3	0	0	11	7	63.6
Actinomycetia	Arachnia	11	17	205	5	29.4	3	27.3	12	3	25	15	4	26.7	15	4	26.7	21	7	33.3	26	11	42.3	86	59	68.6
Actinomycetia	Bifidobacterium	4	4	61	1	25	1	25	4	1	25	4	1	25	4	1	25	4	1	25	4	1	25	8	2	25
Actinomycetia	Brooklawnia	5	7	78	2	28.6	1	20	5	1	20	5	1	20	6	2	33.3	9	4	44.4	10	4	40	14	7	50
Actinomycetia	Corynebacterium	12	16	486	6	37.5	4	33.3	12	4	33.3	13	4	30.8	14	5	35.7	19	7	36.8	123	85	69.1	316	251	79.4
Actinomycetia	Cutibacterium	2	2	5	1	50	1	50	2	1	50	2	1	50	2	1	50	2	1	50	2	1	50	2	1	50
Actinomycetia	Parascardovia	1	1	6	0	0	0	0	1	0	0	1	0	0	1	0	0	1	0	0	1	0	0	3	2	66.7
Actinomycetia	Pauljensenia	29	149	559	95	63.8	3	10.3	38	4	10.5	60	16	26.7	93	42	45.2	225	162	72	343	294	85.7	445	394	88.5
Actinomycetia	Peptidiphaga	3	5	148	0	0	0	0	3	0	0	4	0	0	5	0	0	5	0	0	9	2	22.2	41	33	80.5
Actinomycetia	Propionibacterium	4	6	35	0	0	0	0	5	0	0	5	0	0	5	0	0	7	1	14.3	7	1	14.3	8	2	25
Actinomycetia	Rothia	11	176	730	129	73.3	3	27.3	13	4	30.8	22	7	31.8	72	50	69.4	250	205	82	385	330	85.7	582	509	87.5
Actinomycetia	Scardovia	2	2	22	0	0	0	0	2	0	0	2	0	0	2	0	0	7	3	42.9	15	9	60	17	13	76.5
Coriobacteriia	Cryptobacterium	2	4	16	1	25	0	0	3	0	0	3	0	0	3	0	0	4	1	25	5	1	20	10	5	50
Coriobacteriia	Lancefieldella	10	221	320	201	91	2	20	12	2	16.7	26	13	50	139	123	88.5	264	244	92.4	290	272	93.8	301	286	95
Coriobacteriia	Olsenella	1	2	23	0	0	0	0	1	0	0	1	0	0	2	0	0	2	0	0	2	0	0	3	1	33.3
Coriobacteriia	Olsenella_F	5	6	180	1	16.7	1	20	5	1	20	5	1	20	6	1	16.7	11	4	36.4	35	23	65.7	134	117	87.3
Coriobacteriia	Olsenella_I	1	1	2	0	0	0	0	1	0	0	1	0	0	1	0	0	1	0	0	1	0	0	2	2	100
Coriobacteriia	Slackia	1	1	14	0	0	0	0	1	0	0	1	0	0	1	0	0	1	0	0	2	0	0	12	10	83.3
Coriobacteriia	UBA7748	1	1	1	1	100	1	100	1	1	100	1	1	100	1	1	100	1	1	100	1	1	100	1	1	100
Bacilli	Abiotrophia	3	18	113	5	27.8	0	0	3	0	0	3	0	0	6	1	16.7	56	35	62.5	77	63	81.8	86	76	88.4
Bacilli	Bulleidia	8	68	203	55	80.9	3	37.5	9	4	44.4	17	6	35.3	39	26	66.7	101	88	87.1	147	129	87.8	173	157	90.8
Bacilli	Eggerthia	1	1	9	0	0	0	0	1	0	0	1	0	0	1	0	0	1	0	0	1	0	0	2	1	50
Bacilli	Gemella	13	27	222	15	55.6	3	23.1	14	3	21.4	19	7	36.8	24	11	45.8	39	27	69.2	82	57	69.5	168	135	80.4
Bacilli	Granulicatella	6	114	302	86	75.4	3	50	8	3	37.5	16	7	43.8	40	21	52.5	178	142	79.8	260	227	87.3	277	255	92.1
Bacilli	Metamycoplasma	3	3	32	0	0	0	0	3	0	0	3	0	0	3	0	0	14	8	57.1	26	24	92.3	32	32	100
Bacilli	Streptococcus	64	723	2257	503	69.6	21	32.8	90	33	36.7	152	69	45.4	376	233	62	986	724	73.4	1223	977	79.9	1406	1201	85.4
Clostridia	Anaerosphaera	2	2	2	2	100	2	100	2	2	100	2	2	100	2	2	100	2	2	100	2	2	100	2	2	100
Clostridia	Catonella	14	60	136	51	85	9	64.3	15	9	60	15	9	60	27	21	77.8	110	91	82.7	120	107	89.2	125	115	92
Clostridia	Eubacterium_B	4	6	222	0	0	0	0	4	0	0	5	0	0	5	0	0	23	13	56.5	127	107	84.3	142	128	90.1
Clostridia	Eubacterium_N	2	3	72	1	33.3	0	0	2	0	0	3	1	33.3	3	1	33.3	10	5	50	42	35	83.3	69	66	95.7
Clostridia	F0428	2	2	112	0	0	0	0	2	0	0	2	0	0	2	0	0	2	0	0	4	0	0	18	9	50
Clostridia	Fenollaria	1	1	1	1	100	1	100	1	1	100	1	1	100	1	1	100	1	1	100	1	1	100	1	1	100
Clostridia	Filifactor	3	4	38	1	25	0	0	3	0	0	3	0	0	4	1	25	4	1	25	13	10	76.9	32	27	84.4
Clostridia	Gallibacter	1	1	27	0	0	0	0	1	0	0	1	0	0	1	0	0	1	0	0	1	0	0	11	10	90.9
Clostridia	Hornefia	3	5	229	1	20	0	0	5	1	20	5	1	20	5	1	20	6	1	16.7	14	4	28.6	167	149	89.2
Clostridia	Johnsonella	8	12	152	6	50	2	25	10	5	50	10	5	50	11	5	45.5	14	7	50	26	15	57.7	75	58	77.3
Clostridia	Lachnoanaerobaculum	15	45	276	28	62.2	3	20	15	3	20	19	6	31.6	24	8	33.3	92	64	69.6	141	113	80.1	206	174	84.5
Clostridia	Mogibacterium	9	12	169	6	50	5	55.6	9	5	55.6	9	5	55.6	10	5	50	23	15	65.2	70	54	77.1	106	94	88.7
Clostridia	Oribacterium	14	123	283	103	83.7	4	28.6	16	6	37.5	18	8	44.4	52	36	69.2	181	155	85.6	222	199	89.6	252	229	90.9
Clostridia	Parvimonas	8	10	79	5	50	4	50	9	4	44.4	9	4	44.4	10	5	50	14	7	50	30	22	73.3	54	44	81.5
Clostridia	Peptoanaerobacter	6	9	54	3	33.3	1	16.7	6	1	16.7	8	2	25	8	2	25	22	12	54.5	38	31	81.6	44	37	84.1
Clostridia	Peptostreptococcus	4	6	109	3	50	1	25	4	1	25	4	1	25	6	3	50	7	4	57.1	10	6	60	81	64	79
Clostridia	Pseudoramibacter	1	2	51	0	0	0	0	2	0	0	2	0	0	2	0	0	3	1	33.3	4	1	25	11	5	45.5
Clostridia	Shuttleworthia	1	1	4	0	0	0	0	1	0	0	1	0	0	1	0	0	1	0	0	3	2	66.7	3	2	66.7
Clostridia	Stomatobaculum	6	10	143	3	30	1	16.7	6	1	16.7	8	1	12.5	9	2	22.2	17	8	47.1	83	59	71.1	117	99	84.6
Clostridia	Urinicoccus	1	1	1	1	100	1	100	1	1	100	1	1	100	1	1	100	1	1	100	1	1	100	1	1	100
Clostridia	W11650	4	5	13	4	80	3	75	4	3	75	5	4	80	5	4	80	6	4	66.7	9	7	77.8	13	13	100
Clostridia	W5053	1	1	39	0	0	0	0	1	0	0	1	0	0	1	0	0	2	0	0	3	0	0	9	6	66.7
Negativicutes	AWVT01	3	3	35	1	33.3	1	33.3	3	1	33.3	3	1	33.3	3	1	33.3	3	1	33.3	3	1	33.3	11	7	63.6
Negativicutes	Allisonella	1	1	8	0	0	0	0	1	0	0	1	0	0	1	0	0	1	0	0	1	0	0	1	0	0
Negativicutes	Anaeroglobus	3	4	181	1	25	0	0	3	0	0	3	0	0	3	0	0	5	1	20	15	9	60	136	114	83.8
Negativicutes	Centipeda	28	35	243	15	42.9	11	39.3	29	11	37.9	30	11	36.7	31	11	35.5	53	33	62.3	110	84	76.4	181	147	81.2
Negativicutes	Dialister	4	5	56	0	0	0	0	5	0	0	5	0	0	5	0	0	5	0	0	12	7	58.3	43	38	88.4
Negativicutes	F0422	10	29	50	24	82.8	5	50	13	7	53.8	16	9	56.2	22	15	68.2	34	29	85.3	48	46	95.8	48	46	95.8
Negativicutes	Selenomonas	7	13	73	7	53.8	3	42.9	7	3	42.9	8	3	37.5	8	3	37.5	22	14	63.6	38	28	73.7	63	57	90.5
Negativicutes	Veillonella	14	98	635	80	81.6	4	28.6	21	8	38.1	30	16	53.3	60	41	68.3	176	144	81.8	360	283	78.6	520	445	85.6
Bacteroidia	Alloprevotella	12	34	388	15	44.1	1	8.3	13	1	7.7	14	1	7.1	21	5	23.8	126	97	77	312	262	84	357	333	93.3
Bacteroidia	Bacteroides	3	4	9	2	50	1	33.3	4	2	50	4	2	50	4	2	50	4	2	50	5	3	60	8	7	87.5
Bacteroidia	Capnocytophaga	21	47	673	21	44.7	3	14.3	22	3	13.6	22	3	13.6	25	5	20	195	122	62.6	376	263	69.9	515	423	82.1
Bacteroidia	F0058	3	6	154	2	33.3	0	0	3	0	0	4	0	0	4	0	0	10	4	40	65	36	55.4	113	93	82.3
Bacteroidia	Phocaeicola	2	4	44	2	50	0	0	3	2	66.7	4	2	50	4	2	50	4	2	50	4	2	50	5	3	60
Bacteroidia	Porphyromonas	18	80	875	51	63.7	3	16.7	20	3	15	23	7	30.4	39	20	51.3	351	238	67.8	507	385	75.9	635	515	81.1
Bacteroidia	Prevotella	66	142	2024	65	45.8	11	16.7	69	11	15.9	71	11	15.5	87	23	26.4	371	242	65.2	820	606	73.9	1583	1328	83.9
Bacteroidia	Tannerella	8	16	231	5	31.2	2	25	9	2	22.2	10	2	20	12	2	16.7	43	25	58.1	80	58	72.5	169	149	88.2
Campylobacteria	Campylobacter_A	21	294	569	232	78.9	6	28.6	27	6	22.2	61	30	49.2	170	114	67.1	397	320	80.6	467	402	86.1	507	464	91.5
Campylobacteria	Campylobacter_B	5	43	89	31	72.1	2	40	6	2	33.3	17	11	64.7	37	24	64.9	45	34	75.6	62	48	77.4	74	62	83.8
Campylobacteria	Helicobacter	1	21	59	13	61.9	0	0	1	0	0	2	0	0	5	2	40	44	34	77.3	49	42	85.7	49	42	85.7
Anaerolineae	Flexilinea	5	9	295	1	11.1	1	20	5	1	20	6	1	16.7	8	1	12.5	10	2	20	21	9	42.9	92	74	80.4
Desulfobulbia	Desulfobulbus	1	1	134	0	0	0	0	1	0	0	1	0	0	1	0	0	1	0	0	3	1	33.3	53	30	56.6
Desulfovibrionia	Desulfomicrobium	1	2	59	1	50	0	0	1	0	0	1	0	0	2	1	50	2	1	50	4	3	75	22	12	54.5
Fusobacteriia	Fusobacterium	23	34	353	19	55.9	11	47.8	24	13	54.2	26	13	50	28	14	50	64	42	65.6	182	140	76.9	313	280	89.5
Fusobacteriia	Fusobacterium_C	2	2	51	0	0	0	0	2	0	0	2	0	0	2	0	0	3	1	33.3	4	1	25	7	1	14.3
Fusobacteriia	JABCPH02	2	2	33	1	50	1	50	2	1	50	2	1	50	2	1	50	4	2	50	7	4	57.1	27	23	85.2
Fusobacteriia	Leptotrichia	13	15	128	6	40	5	38.5	13	5	38.5	13	5	38.5	14	5	35.7	26	12	46.2	58	37	63.8	104	85	81.7
Fusobacteriia	Leptotrichia_A	4	9	151	5	55.6	2	50	4	2	50	4	2	50	6	3	50	23	17	73.9	93	68	73.1	127	108	85
Fusobacteriia	Pseudoleptotrichia	3	3	17	0	0	0	0	3	0	0	3	0	0	3	0	0	3	0	0	4	0	0	11	7	63.6
JAEDAM01	HOT-345	7	44	134	29	65.9	1	14.3	8	1	12.5	9	2	22.2	10	2	20	73	56	76.7	101	84	83.2	118	104	88.1
Saccharimonadia	Nanosynbacter	22	295	418	231	78.3	8	36.4	44	13	29.5	104	56	53.8	227	160	70.5	330	279	84.5	353	316	89.5	369	341	92.4
Saccharimonadia	Nanosyncoccus	38	277	389	261	94.2	20	52.6	166	150	90.4	183	162	88.5	260	236	90.8	289	278	96.2	304	290	95.4	367	352	95.9
Saccharimonadia	SDRK01	1	2	19	1	50	0	0	1	0	0	1	0	0	2	1	50	4	3	75	14	11	78.6	18	17	94.4
Saccharimonadia	SDRW01	3	10	111	7	70	1	33.3	4	2	50	4	2	50	5	2	40	13	11	84.6	46	32	69.6	86	71	82.6
Saccharimonadia	Saccharimonas	9	134	301	82	61.2	1	11.1	13	1	7.7	33	15	45.5	77	38	49.4	176	128	72.7	236	195	82.6	264	233	88.3
Gammaproteobacteria	Aggregatibacter	7	83	387	57	68.7	1	14.3	7	1	14.3	10	1	10	19	6	31.6	112	87	77.7	155	123	79.4	182	159	87.4
Gammaproteobacteria	Cardiobacterium	7	17	113	4	23.5	1	14.3	8	1	12.5	9	1	11.1	9	1	11.1	46	34	73.9	76	54	71.1	99	88	88.9
Gammaproteobacteria	Comamonas	5	7	32	3	42.9	2	40	5	2	40	6	3	50	6	3	50	8	4	50	9	4	44.4	27	23	85.2
Gammaproteobacteria	Eikenella	3	21	72	12	57.1	0	0	3	0	0	5	1	20	9	4	44.4	34	22	64.7	49	34	69.4	56	45	80.4
Gammaproteobacteria	Haemophilus	4	35	199	15	42.9	1	25	4	1	25	4	1	25	8	3	37.5	81	56	69.1	125	94	75.2	157	132	84.1
Gammaproteobacteria	Haemophilus_A	4	11	58	3	27.3	0	0	4	0	0	4	0	0	6	1	16.7	24	14	58.3	36	24	66.7	42	34	81
Gammaproteobacteria	Haemophilus_D	3	121	450	75	62	1	33.3	4	1	25	6	2	33.3	25	12	48	227	160	70.5	302	238	78.8	362	309	85.4
Gammaproteobacteria	Kingella	1	1	52	0	0	0	0	1	0	0	1	0	0	1	0	0	1	0	0	1	0	0	10	0	0
Gammaproteobacteria	Kingella_A	1	5	32	4	80	0	0	1	0	0	1	0	0	2	1	50	18	11	61.1	25	19	76	27	23	85.2
Gammaproteobacteria	Kingella_B	4	23	91	12	52.2	0	0	6	0	0	6	0	0	11	4	36.4	32	18	56.2	54	37	68.5	77	67	87
Gammaproteobacteria	Lautropia	5	19	245	9	47.4	1	20	6	1	16.7	6	1	16.7	8	2	25	79	42	53.2	158	113	71.5	204	176	86.3
Gammaproteobacteria	Moraxella	5	7	96	1	14.3	0	0	5	0	0	5	0	0	6	1	16.7	7	1	14.3	12	5	41.7	27	17	63
Gammaproteobacteria	Moraxella_A	2	15	27	12	80	1	50	2	1	50	2	1	50	3	1	33.3	22	19	86.4	23	21	91.3	23	21	91.3
Gammaproteobacteria	Neisseria	12	82	820	34	41.5	2	16.7	12	2	16.7	13	2	15.4	25	8	32	252	151	59.9	444	300	67.6	591	471	79.7
Gammaproteobacteria	Ottowia	3	4	102	1	25	0	0	4	1	25	4	1	25	4	1	25	6	2	33.3	13	10	76.9	71	60	84.5
Gammaproteobacteria	Simonsiella	1	1	4	0	0	0	0	1	0	0	1	0	0	1	0	0	1	0	0	1	0	0	2	1	50
Spirochaetia	Treponema	23	29	102	17	58.6	11	47.8	26	13	50	27	14	51.9	27	14	51.9	32	20	62.5	51	38	74.5	92	82	89.1
Spirochaetia	Treponema_B	18	26	107	10	38.5	8	44.4	18	8	44.4	19	8	42.1	21	9	42.9	40	23	57.5	71	52	73.2	87	72	82.8
Spirochaetia	Treponema_C	4	7	54	2	28.6	0	0	4	0	0	5	0	0	6	1	16.7	10	5	50	26	22	84.6	50	46	92
Spirochaetia	Treponema_D	16	28	150	11	39.3	4	25	18	5	27.8	21	5	23.8	25	8	32	42	22	52.4	88	60	68.2	132	119	90.2
Synergistia	Fretibacterium	1	4	29	0	0	0	0	1	0	0	1	0	0	2	0	0	5	1	20	6	3	50	18	15	83.3
Synergistia	Pyramidobacter	1	1	15	0	0	0	0	1	0	0	1	0	0	1	0	0	1	0	0	2	0	0	3	1	33.3
Lentisphaeria	Victivallis	1	1	1	1	100	1	100	1	1	100	1	1	100	1	1	100	1	1	100	1	1	100	1	1	100
Bacilli	Absicoccus	1	1	1	1	100	1	100	1	1	100	1	1	100	1	1	100	1	1	100	1	1	100	1	1	100
Clostridia	Acetatifactor	1	1	1	1	100	1	100	1	1	100	1	1	100	1	1	100	1	1	100	1	1	100	1	1	100
Alphaproteobacteria	Acetobacter	1	1	1	1	100	1	100	1	1	100	1	1	100	1	1	100	1	1	100	1	1	100	1	1	100
Gammaproteobacteria	Achromobacter	2	2	2	2	100	2	100	2	2	100	2	2	100	2	2	100	2	2	100	2	2	100	2	2	100
Gammaproteobacteria	Acidovorax	1	1	1	1	100	1	100	1	1	100	1	1	100	1	1	100	1	1	100	1	1	100	1	1	100
Gammaproteobacteria	Acinetobacter	14	15	34	11	73.3	10	71.4	14	10	71.4	14	10	71.4	14	10	71.4	20	16	80	27	22	81.5	32	30	93.8
Actinomycetia	Actinomycetia _unk	4	4	16	2	50	2	50	4	2	50	4	2	50	4	2	50	4	2	50	4	2	50	7	4	57.1
Gammaproteobacteria	Aeromonas	3	3	5	2	66.7	2	66.7	3	2	66.7	3	2	66.7	3	2	66.7	4	3	75	4	3	75	4	3	75
Gammaproteobacteria	Alcaligenes	2	2	3	1	50	1	50	2	1	50	2	1	50	2	1	50	2	1	50	2	1	50	2	1	50
Alphaproteobacteria	Alphaproteobacteria _unk	4	4	5	3	75	3	75	4	3	75	4	3	75	4	3	75	4	3	75	4	3	75	5	5	100
JAEDAM01	Altimarinus	1	1	1	1	100	1	100	1	1	100	1	1	100	1	1	100	1	1	100	1	1	100	1	1	100
Actinomycetia	Arthrobacter_D	1	1	1	1	100	1	100	1	1	100	1	1	100	1	1	100	1	1	100	1	1	100	1	1	100
Gammaproteobacteria	Azomonas	2	2	2	2	100	2	100	2	2	100	2	2	100	2	2	100	2	2	100	2	2	100	2	2	100
Gammaproteobacteria	Azonexus	2	2	2	2	100	2	100	2	2	100	2	2	100	2	2	100	2	2	100	2	2	100	2	2	100
Bacilli	Bacilli _unk	18	36	72	30	83.3	7	38.9	21	10	47.6	27	15	55.6	33	26	78.8	39	35	89.7	41	37	90.2	41	37	90.2
Bacilli	Bacillus_A	1	1	1	1	100	1	100	1	1	100	1	1	100	1	1	100	1	1	100	1	1	100	1	1	100
Bacteroidia	Bacteroides_D	17	28	107	11	39.3	5	29.4	19	6	31.6	21	7	33.3	21	7	33.3	42	24	57.1	84	70	83.3	96	85	88.5
Bacteroidia	Bacteroidia _unk	3	3	16	0	0	0	0	3	0	0	3	0	0	3	0	0	3	0	0	3	0	0	3	0	0
Gammaproteobacteria	Basfia_A	2	3	7	2	66.7	1	50	2	1	50	2	1	50	3	2	66.7	3	2	66.7	5	4	80	6	5	83.3
Bacteroidia	Bergeyella	1	1	2	0	0	0	0	1	0	0	1	0	0	1	0	0	1	0	0	1	0	0	2	2	100
Bacteroidia	Bergeyella_A	2	2	27	0	0	0	0	2	0	0	2	0	0	2	0	0	2	0	0	4	2	50	20	14	70
Coriobacteriia	Berryella	2	2	6	0	0	0	0	2	0	0	2	0	0	2	0	0	2	0	0	3	1	33.3	6	6	100
Desulfovibrionia	Bilophila	1	1	1	1	100	1	100	1	1	100	1	1	100	1	1	100	1	1	100	1	1	100	1	1	100
Gammaproteobacteria	Brachymonas	3	7	34	5	71.4	0	0	3	0	0	3	0	0	3	0	0	10	6	60	21	15	71.4	23	18	78.3
Bradymonadia	Bradymonadia _unk	1	1	8	0	0	0	0	1	0	0	1	0	0	1	0	0	1	0	0	1	0	0	1	0	0
Alphaproteobacteria	Bradyrhizobium	3	3	3	3	100	3	100	3	3	100	3	3	100	3	3	100	3	3	100	3	3	100	3	3	100
Gammaproteobacteria	Burkholderia	2	2	6	0	0	0	0	2	0	0	2	0	0	2	0	0	2	0	0	2	0	0	2	0	0
Clostridia	Butyrivibrio	5	6	50	2	33.3	2	40	5	2	40	5	2	40	5	2	40	10	6	60	34	29	85.3	42	38	90.5
Clostridia	Butyrivibrio_A	1	1	1	1	100	1	100	1	1	100	1	1	100	1	1	100	1	1	100	1	1	100	1	1	100
Clostridia	CABMKH01	1	1	2	0	0	0	0	1	0	0	1	0	0	1	0	0	1	0	0	1	0	0	1	0	0
Coriobacteriia	CACZQA01	1	1	1	1	100	1	100	1	1	100	1	1	100	1	1	100	1	1	100	1	1	100	1	1	100
Clostridia	CAG-170	2	2	2	2	100	2	100	2	2	100	2	2	100	2	2	100	2	2	100	2	2	100	2	2	100
Clostridia	CAG-238	1	1	1	1	100	1	100	1	1	100	1	1	100	1	1	100	1	1	100	1	1	100	1	1	100
Clostridia	CAG-793	3	3	47	1	33.3	1	33.3	3	1	33.3	3	1	33.3	3	1	33.3	4	2	50	33	27	81.8	46	45	97.8
Clostridia	CAG-95	1	1	1	1	100	1	100	1	1	100	1	1	100	1	1	100	1	1	100	1	1	100	1	1	100
Clostridia	CAJPNN01	1	1	29	0	0	0	0	1	0	0	1	0	0	1	0	0	1	0	0	1	0	0	3	1	33.3
Gammaproteobacteria	CAJPNX01	1	1	17	0	0	0	0	1	0	0	1	0	0	1	0	0	5	2	40	10	7	70	12	9	75
Bacilli	CAJPPJ01	4	5	27	1	20	1	25	5	1	20	5	1	20	5	1	20	6	2	33.3	8	4	50	18	14	77.8
Negativicutes	CAJPQU01	3	5	47	0	0	0	0	4	0	0	4	0	0	4	0	0	6	0	0	14	10	71.4	37	30	81.1
Synergistia	CAJPSE01	5	9	91	3	33.3	1	20	5	1	20	5	1	20	7	2	28.6	11	5	45.5	14	7	50	64	52	81.2
Gammaproteobacteria	CAJPTP01	1	1	1	1	100	1	100	1	1	100	1	1	100	1	1	100	1	1	100	1	1	100	1	1	100
Clostridia	CAKAHY01	2	3	9	2	66.7	1	50	3	2	66.7	3	2	66.7	3	2	66.7	3	2	66.7	4	3	75	5	4	80
Gammaproteobacteria	CAKARD01	2	2	2	2	100	2	100	2	2	100	2	2	100	2	2	100	2	2	100	2	2	100	2	2	100
Clostridia	CAKUFA01	1	1	1	1	100	1	100	1	1	100	1	1	100	1	1	100	1	1	100	1	1	100	1	1	100
Actinomycetia	Canibacter	1	1	12	0	0	0	0	1	0	0	1	0	0	1	0	0	2	0	0	2	0	0	7	5	71.4
Fusobacteriia	Caviibacter	1	2	21	1	50	0	0	1	0	0	1	0	0	2	1	50	2	1	50	2	1	50	6	3	50
Bacteroidia	Chryseobacterium	2	2	2	2	100	2	100	2	2	100	2	2	100	2	2	100	2	2	100	2	2	100	2	2	100
Gammaproteobacteria	Citrobacter	2	2	4	1	50	1	50	2	1	50	2	1	50	2	1	50	2	1	50	2	1	50	2	1	50
Bacteroidia	Cloacibacterium	1	2	2	2	100	0	0	1	0	0	1	0	0	1	0	0	2	2	100	2	2	100	2	2	100
Clostridia	Clostridia _unk	23	25	281	11	44	10	43.5	23	10	43.5	23	10	43.5	23	10	43.5	31	15	48.4	42	22	52.4	66	44	66.7
Clostridia	Clostridium_L	1	1	1	1	100	1	100	1	1	100	1	1	100	1	1	100	1	1	100	1	1	100	1	1	100
Coriobacteriia	Coriobacteriia _unk	2	3	65	1	33.3	0	0	2	0	0	2	0	0	3	1	33.3	3	1	33.3	4	1	25	31	18	58.1
Bacteroidia	Cryptobacteroides	10	11	63	2	18.2	2	20	11	2	18.2	11	2	18.2	11	2	18.2	13	3	23.1	19	8	42.1	38	29	76.3
Coriobacteriia	Denitrobacterium	1	1	3	0	0	0	0	1	0	0	1	0	0	1	0	0	1	0	0	1	0	0	1	0	0
Desulfovibrionia	Desulfovibrio	2	2	12	0	0	0	0	2	0	0	2	0	0	2	0	0	2	0	0	2	0	0	3	1	33.3
Desulfovibrionia	Desulfovibrionia _unk	2	2	8	0	0	0	0	2	0	0	2	0	0	2	0	0	2	0	0	2	0	0	3	1	33.3
Actinomycetia	Dietzia	1	1	1	1	100	1	100	1	1	100	1	1	100	1	1	100	1	1	100	1	1	100	1	1	100
Clostridia	DTU024	3	3	8	0	0	0	0	3	0	0	3	0	0	3	0	0	3	0	0	6	4	66.7	6	4	66.7
Clostridia	DTU036	1	1	1	1	100	1	100	1	1	100	1	1	100	1	1	100	1	1	100	1	1	100	1	1	100
Paceibacteria	DUUL01	1	1	84	0	0	0	0	1	0	0	1	0	0	1	0	0	1	0	0	1	0	0	5	2	40
Bacteroidia	Empedobacter	2	2	2	2	100	2	100	2	2	100	2	2	100	2	2	100	2	2	100	2	2	100	2	2	100
Gammaproteobacteria	Enterobacter	2	2	3	1	50	1	50	2	1	50	2	1	50	2	1	50	2	1	50	2	1	50	2	1	50
Bacilli	Enterococcus	1	1	3	0	0	0	0	1	0	0	1	0	0	1	0	0	1	0	0	1	0	0	2	1	50
Bacilli	Enterococcus_A	1	1	1	1	100	1	100	1	1	100	1	1	100	1	1	100	1	1	100	1	1	100	1	1	100
Bacilli	Enteromonas	1	1	2	0	0	0	0	1	0	0	1	0	0	1	0	0	1	0	0	1	0	0	1	0	0
Bacilli	Enterosoma	2	3	8	2	66.7	1	50	3	2	66.7	3	2	66.7	3	2	66.7	3	2	66.7	3	2	66.7	4	2	50
Bacilli	Erysipelothrix	2	2	4	1	50	1	50	2	1	50	2	1	50	2	1	50	2	1	50	3	2	66.7	4	4	100
Gammaproteobacteria	Escherichia	1	1	3	0	0	0	0	1	0	0	1	0	0	1	0	0	1	0	0	1	0	0	1	0	0
Clostridia	Ethanoligenens	2	2	2	2	100	2	100	2	2	100	2	2	100	2	2	100	2	2	100	2	2	100	2	2	100
Clostridia	Eubacterium_I	1	1	1	1	100	1	100	1	1	100	1	1	100	1	1	100	1	1	100	1	1	100	1	1	100
Clostridia	Eubacterium_R	1	1	1	1	100	1	100	1	1	100	1	1	100	1	1	100	1	1	100	1	1	100	1	1	100
Clostridia	Evtepia	5	5	23	2	40	2	40	5	2	40	5	2	40	5	2	40	5	2	40	6	2	33.3	9	4	44.4
Bacilli	Exiguobacterium	2	2	3	1	50	1	50	2	1	50	2	1	50	2	1	50	2	1	50	3	3	100	3	3	100
Bacilli	Exiguobacterium_A	1	1	2	0	0	0	0	1	0	0	1	0	0	1	0	0	1	0	0	1	0	0	1	0	0
Actinomycetia	Fen-668	2	2	10	0	0	0	0	2	0	0	2	0	0	2	0	0	2	0	0	2	0	0	2	0	0
Bacteroidia	Flavobacterium	3	4	4	4	100	2	66.7	3	2	66.7	3	2	66.7	4	4	100	4	4	100	4	4	100	4	4	100
Gammaproteobacteria	Gammaproteobacteria _unk	6	7	33	1	14.3	0	0	6	0	0	6	0	0	6	0	0	8	3	37.5	11	7	63.6	18	12	66.7
Spirochaetia	GCA-2749205	1	1	13	0	0	0	0	1	0	0	1	0	0	1	0	0	1	0	0	1	0	0	10	7	70
Actinomycetia	Glutamicibacter	1	1	1	1	100	1	100	1	1	100	1	1	100	1	1	100	1	1	100	1	1	100	1	1	100
JAEDAM01	GN02-872	4	4	38	2	50	2	50	4	2	50	4	2	50	4	2	50	4	2	50	5	3	60	28	19	67.9
JAEDAM01	GN02-873	2	7	27	4	57.1	0	0	5	1	20	5	1	20	6	3	50	15	12	80	22	18	81.8	24	21	87.5
Bacteroidia	H1	1	1	4	0	0	0	0	1	0	0	1	0	0	1	0	0	1	0	0	1	0	0	3	2	66.7
Gammaproteobacteria	Hafnia	1	1	2	0	0	0	0	1	0	0	1	0	0	1	0	0	1	0	0	1	0	0	1	0	0
Bacteroidia	Hymenobacter	1	1	1	1	100	1	100	1	1	100	1	1	100	1	1	100	1	1	100	1	1	100	1	1	100
Gammaproteobacteria	Ignatzschineria	1	1	1	1	100	1	100	1	1	100	1	1	100	1	1	100	1	1	100	1	1	100	1	1	100
Campylobacteria	JAABTA01	1	1	1	1	100	1	100	1	1	100	1	1	100	1	1	100	1	1	100	1	1	100	1	1	100
Clostridia	JAAYOA01	1	1	25	0	0	0	0	1	0	0	1	0	0	1	0	0	1	0	0	2	0	0	2	0	0
Clostridia	JAAZPT01	1	2	53	1	50	0	0	1	0	0	1	0	0	1	0	0	2	1	50	2	1	50	5	3	60
Bacteroidia	JABCPE02	6	46	186	22	47.8	1	16.7	6	1	16.7	6	1	16.7	9	2	22.2	84	45	53.6	104	63	60.6	130	98	75.4
Clostridia	JABCPO02	4	4	7	3	75	3	75	4	3	75	4	3	75	4	3	75	5	4	80	7	7	100	7	7	100
Clostridia	JABZIP01	1	1	10	0	0	0	0	1	0	0	1	0	0	1	0	0	1	0	0	4	3	75	10	10	100
Bacteroidia	JAFADY01	1	1	3	0	0	0	0	1	0	0	1	0	0	1	0	0	1	0	0	1	0	0	1	0	0
Clostridia	JAIKWW01	1	1	2	0	0	0	0	1	0	0	1	0	0	1	0	0	1	0	0	1	0	0	1	0	0
Gammaproteobacteria	JALJZY01	1	1	1	1	100	1	100	1	1	100	1	1	100	1	1	100	1	1	100	1	1	100	1	1	100
Gammaproteobacteria	Janthinobacterium	1	1	1	1	100	1	100	1	1	100	1	1	100	1	1	100	1	1	100	1	1	100	1	1	100
Synergistia	Jonquetella	1	1	2	0	0	0	0	1	0	0	1	0	0	1	0	0	1	0	0	1	0	0	1	0	0
Bacteroidia	Kaistella	2	2	2	2	100	2	100	2	2	100	2	2	100	2	2	100	2	2	100	2	2	100	2	2	100
Kapabacteria	Kapabacteria _unk	1	1	4	0	0	0	0	1	0	0	1	0	0	1	0	0	1	0	0	1	0	0	1	0	0
Gammaproteobacteria	Klebsiella	1	1	1	1	100	1	100	1	1	100	1	1	100	1	1	100	1	1	100	1	1	100	1	1	100
Bacilli	Kurthia	1	1	1	1	100	1	100	1	1	100	1	1	100	1	1	100	1	1	100	1	1	100	1	1	100
Bacilli	Lacticaseibacillus	2	2	61	0	0	0	0	2	0	0	2	0	0	2	0	0	2	0	0	8	1	12.5	15	7	46.7
Bacilli	Lactobacillus	4	5	118	1	20	0	0	4	0	0	5	1	20	5	1	20	5	1	20	7	2	28.6	47	30	63.8
Bacilli	Lactococcus	2	2	53	0	0	0	0	2	0	0	2	0	0	2	0	0	2	0	0	3	0	0	12	4	33.3
Gammaproteobacteria	Lampropedia	1	1	2	0	0	0	0	1	0	0	1	0	0	1	0	0	1	0	0	2	2	100	2	2	100
Actinomycetia	Lawsonella	2	2	8	0	0	0	0	2	0	0	2	0	0	2	0	0	2	0	0	2	0	0	2	0	0
Clostridia	Lentihominibacter	2	2	13	0	0	0	0	2	0	0	2	0	0	2	0	0	2	0	0	3	1	33.3	3	1	33.3
Leptospirae	Leptospira_B	1	1	1	1	100	1	100	1	1	100	1	1	100	1	1	100	1	1	100	1	1	100	1	1	100
Actinomycetia	Leucobacter	1	1	1	1	100	1	100	1	1	100	1	1	100	1	1	100	1	1	100	1	1	100	1	1	100
Bacilli	Ligilactobacillus	1	1	55	0	0	0	0	1	0	0	1	0	0	1	0	0	1	0	0	5	1	20	31	23	74.2
Bacteroidia	Limimorpha	2	2	19	1	50	1	50	2	1	50	2	1	50	2	1	50	2	1	50	2	1	50	4	2	50
Bacteroidia	Limisoma	1	1	1	1	100	1	100	1	1	100	1	1	100	1	1	100	1	1	100	1	1	100	1	1	100
Gammaproteobacteria	Limnobacter	1	1	1	1	100	1	100	1	1	100	1	1	100	1	1	100	1	1	100	1	1	100	1	1	100
Bacilli	Limosilactobacillus	5	5	70	3	60	3	60	5	3	60	5	3	60	5	3	60	6	3	50	7	4	57.1	11	5	45.5
Gammaproteobacteria	Lysobacter_B	1	1	2	0	0	0	0	1	0	0	1	0	0	1	0	0	1	0	0	1	0	0	1	0	0
Bacilli	Macrococcus_B	1	2	3	1	50	0	0	1	0	0	1	0	0	2	1	50	2	1	50	2	1	50	3	3	100
Desulfovibrionia	Mailhella	1	1	1	1	100	1	100	1	1	100	1	1	100	1	1	100	1	1	100	1	1	100	1	1	100
Bacilli	Mammaliicoccus	1	1	1	1	100	1	100	1	1	100	1	1	100	1	1	100	1	1	100	1	1	100	1	1	100
Gammaproteobacteria	Mesocricetibacter	2	2	37	0	0	0	0	2	0	0	2	0	0	2	0	0	3	0	0	11	7	63.6	17	13	76.5
Gammaproteobacteria	Mesosutterella	1	1	1	1	100	1	100	1	1	100	1	1	100	1	1	100	1	1	100	1	1	100	1	1	100
Bacilli	Metalysinibacillus	1	1	4	0	0	0	0	1	0	0	1	0	0	1	0	0	1	0	0	2	1	50	3	2	66.7
Methanobacteria	Methanobacteria _unk	1	1	26	0	0	0	0	1	0	0	1	0	0	1	0	0	1	0	0	1	0	0	1	0	0
Thermoplasmata	Methanomethylophilus	2	4	55	0	0	0	0	3	0	0	3	0	0	3	0	0	4	0	0	4	0	0	7	1	14.3
Microgenomatia	Microgenomatia _unk	3	4	24	1	25	1	33.3	3	1	33.3	3	1	33.3	3	1	33.3	12	7	58.3	17	12	70.6	23	22	95.7
Actinomycetia	Mobiluncus	1	1	5	0	0	0	0	1	0	0	1	0	0	1	0	0	1	0	0	1	0	0	4	3	75
Bacteroidia	Moheibacter	1	1	1	1	100	1	100	1	1	100	1	1	100	1	1	100	1	1	100	1	1	100	1	1	100
Gammaproteobacteria	Morganella	1	1	2	0	0	0	0	1	0	0	1	0	0	1	0	0	1	0	0	1	0	0	1	0	0
Polyangia	MWCO01	1	2	9	1	50	0	0	1	0	0	2	1	50	2	1	50	2	1	50	2	1	50	4	2	50
Bacilli	Mycoplasmoides	1	1	1	1	100	1	100	1	1	100	1	1	100	1	1	100	1	1	100	1	1	100	1	1	100
Saccharimonadia	Nanogingivalis	9	42	117	31	73.8	0	0	11	1	9.1	15	5	33.3	30	19	63.3	67	43	64.2	87	67	77	97	83	85.6
Saccharimonadia	Nanoperiomorbus	1	55	66	49	89.1	0	0	3	1	33.3	13	8	61.5	49	40	81.6	59	55	93.2	60	55	91.7	62	59	95.2
Negativicutes	Negativicutes _unk	1	1	2	0	0	0	0	1	0	0	1	0	0	1	0	0	2	2	100	2	2	100	2	2	100
Bacteroidia	Niastella	1	1	1	1	100	1	100	1	1	100	1	1	100	1	1	100	1	1	100	1	1	100	1	1	100
Coriobacteriia	Olegusella	1	1	2	0	0	0	0	1	0	0	1	0	0	1	0	0	1	0	0	1	0	0	2	2	100
Gammaproteobacteria	Paenalcaligenes	1	1	1	1	100	1	100	1	1	100	1	1	100	1	1	100	1	1	100	1	1	100	1	1	100
Gammaproteobacteria	Pararheinheimera	2	2	2	2	100	2	100	2	2	100	2	2	100	2	2	100	2	2	100	2	2	100	2	2	100
Gammaproteobacteria	Pelomonas	1	1	1	1	100	1	100	1	1	100	1	1	100	1	1	100	1	1	100	1	1	100	1	1	100
Peptococcia	Peptococcia _unk	1	1	2	0	0	0	0	1	0	0	1	0	0	1	0	0	1	0	0	2	2	100	2	2	100
Bacteroidia	Petrimonas	1	1	2	0	0	0	0	1	0	0	1	0	0	1	0	0	1	0	0	1	0	0	1	0	0
Bacteroidia	Phil12	2	2	5	1	50	1	50	2	1	50	2	1	50	2	1	50	2	1	50	2	1	50	2	1	50
Bacteroidia	Porphyromonas_A	3	3	4	2	66.7	2	66.7	3	2	66.7	3	2	66.7	3	2	66.7	3	2	66.7	3	2	66.7	3	2	66.7
Gammaproteobacteria	Propionivibrio	2	4	35	1	25	0	0	3	0	0	3	0	0	3	0	0	21	14	66.7	24	20	83.3	27	25	92.6
Gammaproteobacteria	Proteus	1	1	2	0	0	0	0	1	0	0	1	0	0	1	0	0	1	0	0	1	0	0	1	0	0
Gammaproteobacteria	Providencia	2	2	3	1	50	1	50	2	1	50	2	1	50	2	1	50	2	1	50	2	1	50	2	1	50
Gammaproteobacteria	Pseudoduganella	1	1	2	0	0	0	0	1	0	0	1	0	0	1	0	0	1	0	0	1	0	0	1	0	0
Bacilli	Pseudogracilibacillus	3	3	4	2	66.7	2	66.7	3	2	66.7	3	2	66.7	3	2	66.7	3	2	66.7	3	2	66.7	3	2	66.7
Gammaproteobacteria	Pseudomonas	2	2	6	0	0	0	0	2	0	0	2	0	0	2	0	0	2	0	0	2	0	0	3	2	66.7
Gammaproteobacteria	Pseudomonas_E	15	16	23	11	68.8	10	66.7	15	10	66.7	16	11	68.8	16	11	68.8	16	11	68.8	16	11	68.8	18	14	77.8
Gammaproteobacteria	Pseudomonas_F	2	2	4	0	0	0	0	2	0	0	2	0	0	2	0	0	2	0	0	3	2	66.7	3	2	66.7
Alphaproteobacteria	Pseudorhodoplanes	1	1	1	1	100	1	100	1	1	100	1	1	100	1	1	100	1	1	100	1	1	100	1	1	100
Gammaproteobacteria	Psychrobacter	1	1	1	1	100	1	100	1	1	100	1	1	100	1	1	100	1	1	100	1	1	100	1	1	100
Alphaproteobacteria	PUIC01	1	1	1	1	100	1	100	1	1	100	1	1	100	1	1	100	1	1	100	1	1	100	1	1	100
Peptococcia	QAKL01	1	1	1	1	100	1	100	1	1	100	1	1	100	1	1	100	1	1	100	1	1	100	1	1	100
Gammaproteobacteria	Rahnella	1	1	1	1	100	1	100	1	1	100	1	1	100	1	1	100	1	1	100	1	1	100	1	1	100
Gammaproteobacteria	Ralstonia	1	1	2	0	0	0	0	1	0	0	1	0	0	1	0	0	1	0	0	1	0	0	1	0	0
Bacteroidia	RF16	1	1	1	1	100	1	100	1	1	100	1	1	100	1	1	100	1	1	100	1	1	100	1	1	100
Desulfovibrionia	RGIG1962	1	1	1	1	100	1	100	1	1	100	1	1	100	1	1	100	1	1	100	1	1	100	1	1	100
Bacteroidia	RGIG3770	1	1	7	0	0	0	0	1	0	0	1	0	0	1	0	0	1	0	0	1	0	0	1	0	0
GWE2-31-10	RGIG6909	1	1	1	1	100	1	100	1	1	100	1	1	100	1	1	100	1	1	100	1	1	100	1	1	100
Clostridia	RGIG7111	1	1	265	0	0	0	0	1	0	0	1	0	0	1	0	0	1	0	0	1	0	0	1	0	0
Bacteroidia	RGIG7150	1	1	1	1	100	1	100	1	1	100	1	1	100	1	1	100	1	1	100	1	1	100	1	1	100
Clostridia	RGIG8124	3	4	14	1	25	0	0	3	0	0	3	0	0	3	0	0	6	3	50	14	14	100	14	14	100
Gammaproteobacteria	Rodentibacter	2	2	19	0	0	0	0	2	0	0	2	0	0	2	0	0	2	0	0	3	1	33.3	16	15	93.8
Coriobacteriia	RUG013	1	1	1	1	100	1	100	1	1	100	1	1	100	1	1	100	1	1	100	1	1	100	1	1	100
Clostridia	RUG100	6	6	26	3	50	3	50	6	3	50	6	3	50	6	3	50	6	3	50	6	3	50	7	3	42.9
Ozemobacteria	RUG334	1	1	2	0	0	0	0	1	0	0	1	0	0	1	0	0	1	0	0	1	0	0	1	0	0
Bacilli	RUG343	1	1	17	0	0	0	0	1	0	0	1	0	0	1	0	0	1	0	0	4	3	75	15	13	86.7
Coriobacteriia	RUG721	1	1	8	0	0	0	0	1	0	0	1	0	0	1	0	0	1	0	0	1	0	0	3	1	33.3
Clostridia	Ruminococcus_E	1	1	1	1	100	1	100	1	1	100	1	1	100	1	1	100	1	1	100	1	1	100	1	1	100
Saccharimonadia	Saccharimonadia _unk	5	25	27	23	92	3	60	8	5	62.5	8	5	62.5	13	9	69.2	25	23	92	26	25	96.2	26	25	96.2
Bacilli	Savagea	5	6	17	4	66.7	3	60	5	3	60	6	4	66.7	6	4	66.7	6	4	66.7	6	4	66.7	8	6	75
Clostridia	Scatomorpha	1	1	1	1	100	1	100	1	1	100	1	1	100	1	1	100	1	1	100	1	1	100	1	1	100
Clostridia	Scatosoma	1	1	1	1	100	1	100	1	1	100	1	1	100	1	1	100	1	1	100	1	1	100	1	1	100
Bacteroidia	Sediminibacterium	1	1	1	1	100	1	100	1	1	100	1	1	100	1	1	100	1	1	100	1	1	100	1	1	100
Gammaproteobacteria	Serratia	1	1	1	1	100	1	100	1	1	100	1	1	100	1	1	100	1	1	100	1	1	100	1	1	100
Gammaproteobacteria	Serratia_J	1	1	1	1	100	1	100	1	1	100	1	1	100	1	1	100	1	1	100	1	1	100	1	1	100
Clostridia	SFIE01	1	1	1	1	100	1	100	1	1	100	1	1	100	1	1	100	1	1	100	1	1	100	1	1	100
Gammaproteobacteria	Shewanella	2	2	2	2	100	2	100	2	2	100	2	2	100	2	2	100	2	2	100	2	2	100	2	2	100
Bacteroidia	Soonwooa	1	1	1	1	100	1	100	1	1	100	1	1	100	1	1	100	1	1	100	1	1	100	1	1	100
Alphaproteobacteria	Sphingobium	1	1	1	1	100	1	100	1	1	100	1	1	100	1	1	100	1	1	100	1	1	100	1	1	100
Alphaproteobacteria	Sphingomonas	1	1	1	1	100	1	100	1	1	100	1	1	100	1	1	100	1	1	100	1	1	100	1	1	100
Spirochaetia	Spirochaetia _unk	1	1	2	0	0	0	0	1	0	0	1	0	0	1	0	0	1	0	0	1	0	0	2	2	100
Bacilli	Sporosarcina	1	1	1	1	100	1	100	1	1	100	1	1	100	1	1	100	1	1	100	1	1	100	1	1	100
Bacilli	Staphylococcus	4	4	5	3	75	3	75	4	3	75	4	3	75	4	3	75	4	3	75	4	3	75	4	3	75
Gammaproteobacteria	Stenotrophomonas	6	21	62	10	47.6	5	83.3	11	5	45.5	16	7	43.8	19	8	42.1	22	11	50	30	21	70	56	50	89.3
Fusobacteriia	Streptobacillus	2	2	4	0	0	0	0	2	0	0	2	0	0	2	0	0	2	0	0	3	2	66.7	3	2	66.7
Gammaproteobacteria	Stutzerimonas	1	1	1	1	100	1	100	1	1	100	1	1	100	1	1	100	1	1	100	1	1	100	1	1	100
Negativicutes	Succiniclasticum	1	1	2	0	0	0	0	1	0	0	1	0	0	1	0	0	1	0	0	1	0	0	1	0	0
Synergistia	Synergistes	1	1	2	0	0	0	0	1	0	0	1	0	0	1	0	0	1	0	0	1	0	0	2	2	100
Synergistia	Synergistia _unk	1	1	58	0	0	0	0	1	0	0	1	0	0	1	0	0	1	0	0	2	1	50	2	1	50
Gammaproteobacteria	Telluria	1	1	1	1	100	1	100	1	1	100	1	1	100	1	1	100	1	1	100	1	1	100	1	1	100
Bacilli	Tetragenococcus	1	1	1	1	100	1	100	1	1	100	1	1	100	1	1	100	1	1	100	1	1	100	1	1	100
Gammaproteobacteria	Thiopseudomonas	2	2	2	2	100	2	100	2	2	100	2	2	100	2	2	100	2	2	100	2	2	100	2	2	100
Clostridia	UBA1066	1	1	1	1	100	1	100	1	1	100	1	1	100	1	1	100	1	1	100	1	1	100	1	1	100
Clostridia	UBA1764	1	1	2	0	0	0	0	1	0	0	1	0	0	1	0	0	1	0	0	1	0	0	1	0	0
Saccharimonadia	UBA2834	1	1	1	1	100	1	100	1	1	100	1	1	100	1	1	100	1	1	100	1	1	100	1	1	100
Clostridia	UBA3738	1	1	7	0	0	0	0	1	0	0	1	0	0	1	0	0	1	0	0	1	0	0	3	2	66.7
Bradymonadia	UBA4248	3	3	4	2	66.7	2	66.7	3	2	66.7	3	2	66.7	3	2	66.7	3	2	66.7	3	2	66.7	3	2	66.7
Clostridia	UBA4285	2	2	2	2	100	2	100	2	2	100	2	2	100	2	2	100	2	2	100	2	2	100	2	2	100
Bacilli	UBA4951	1	1	5	0	0	0	0	1	0	0	1	0	0	1	0	0	1	0	0	1	0	0	4	3	75
Dojkabacteria	UBA5232	1	1	38	0	0	0	0	1	0	0	1	0	0	1	0	0	1	0	0	16	9	56.2	32	28	87.5
Bacilli	UBA636	1	1	1	1	100	1	100	1	1	100	1	1	100	1	1	100	1	1	100	1	1	100	1	1	100
Bacteroidia	UBA6382	1	1	9	0	0	0	0	1	0	0	1	0	0	1	0	0	1	0	0	1	0	0	1	0	0
Spirochaetia	UBA9732	1	1	5	0	0	0	0	1	0	0	1	0	0	1	0	0	1	0	0	1	0	0	1	0	0
Coriobacteriia	UMGS1519	1	1	6	0	0	0	0	1	0	0	1	0	0	1	0	0	1	0	0	1	0	0	1	0	0
Gammaproteobacteria	Ursidibacter	1	1	3	0	0	0	0	1	0	0	1	0	0	1	0	0	1	0	0	1	0	0	2	1	50
Bacilli	Vagococcus	3	3	6	1	33.3	1	33.3	3	1	33.3	3	1	33.3	3	1	33.3	3	1	33.3	3	1	33.3	4	3	75
Bacilli	Vagococcus_A	1	1	5	0	0	0	0	1	0	0	1	0	0	1	0	0	1	0	0	1	0	0	2	0	0
Saccharimonadia	VGLK01	1	10	15	6	60	0	0	1	0	0	2	0	0	3	0	0	13	11	84.6	13	11	84.6	14	13	92.9
Coriobacteriia	W1P20-047	2	2	3	1	50	1	50	2	1	50	2	1	50	2	1	50	2	1	50	2	1	50	2	1	50
Gammaproteobacteria	Wielerella	1	1	1	1	100	1	100	1	1	100	1	1	100	1	1	100	1	1	100	1	1	100	1	1	100
Campylobacteria	Wolinella	1	1	4	0	0	0	0	1	0	0	1	0	0	1	0	0	1	0	0	3	2	66.7	4	4	100
