Bin	Base	mean_damage	Study	primary_cluster	SampleID	library_treatment	library_polymerase
ERS11702751.bin.r.2	0	0.0191506493506494	Velsko2022	3192	ERS11702751	Half	PfuTurbo Cx Hotstart DNA
ERS11702751.bin.r.2	1	0.00234285714285714	Velsko2022	3192	ERS11702751	Half	PfuTurbo Cx Hotstart DNA
ERS11702751.bin.r.2	2	0.000787012987012987	Velsko2022	3192	ERS11702751	Half	PfuTurbo Cx Hotstart DNA
ERS11702751.bin.r.2	3	0.00240779220779221	Velsko2022	3192	ERS11702751	Half	PfuTurbo Cx Hotstart DNA
ERS11702751.bin.r.2	4	0.000997402597402597	Velsko2022	3192	ERS11702751	Half	PfuTurbo Cx Hotstart DNA
ERS11702751.bin.r.2	5	0.000394805194805195	Velsko2022	3192	ERS11702751	Half	PfuTurbo Cx Hotstart DNA
ERS15409361.bin.r.1	0	0.0505688311688312	Velsko2024	3192	ERS15409361	Half	PfuTurbo Cx Hotstart DNA
ERS15409361.bin.r.1	1	0.00504415584415584	Velsko2024	3192	ERS15409361	Half	PfuTurbo Cx Hotstart DNA
ERS15409361.bin.r.1	2	0.0032	Velsko2024	3192	ERS15409361	Half	PfuTurbo Cx Hotstart DNA
ERS15409361.bin.r.1	3	0.00406493506493506	Velsko2024	3192	ERS15409361	Half	PfuTurbo Cx Hotstart DNA
ERS15409361.bin.r.1	4	0.00325454545454545	Velsko2024	3192	ERS15409361	Half	PfuTurbo Cx Hotstart DNA
ERS15409361.bin.r.1	5	0.00321558441558442	Velsko2024	3192	ERS15409361	Half	PfuTurbo Cx Hotstart DNA
ERS15409401.bin.r.2	0	0.0434835164835165	Velsko2024	3192	ERS15409401	Half	PfuTurbo Cx Hotstart DNA
ERS15409401.bin.r.2	1	0.00457142857142857	Velsko2024	3192	ERS15409401	Half	PfuTurbo Cx Hotstart DNA
ERS15409401.bin.r.2	2	0.00348351648351648	Velsko2024	3192	ERS15409401	Half	PfuTurbo Cx Hotstart DNA
ERS15409401.bin.r.2	3	0.00430769230769231	Velsko2024	3192	ERS15409401	Half	PfuTurbo Cx Hotstart DNA
ERS15409401.bin.r.2	4	0.00247252747252747	Velsko2024	3192	ERS15409401	Half	PfuTurbo Cx Hotstart DNA
ERS15409401.bin.r.2	5	0.00196703296703297	Velsko2024	3192	ERS15409401	Half	PfuTurbo Cx Hotstart DNA
ERS15409431.bin.r.8	0	0.0515434782608696	Velsko2024	3192	ERS15409431	Half	PfuTurbo Cx Hotstart DNA
ERS15409431.bin.r.8	1	0.00426086956521739	Velsko2024	3192	ERS15409431	Half	PfuTurbo Cx Hotstart DNA
ERS15409431.bin.r.8	2	0.00306521739130435	Velsko2024	3192	ERS15409431	Half	PfuTurbo Cx Hotstart DNA
ERS15409431.bin.r.8	3	0.00360869565217391	Velsko2024	3192	ERS15409431	Half	PfuTurbo Cx Hotstart DNA
ERS15409431.bin.r.8	4	0.00280434782608696	Velsko2024	3192	ERS15409431	Half	PfuTurbo Cx Hotstart DNA
ERS15409431.bin.r.8	5	0.00241304347826087	Velsko2024	3192	ERS15409431	Half	PfuTurbo Cx Hotstart DNA
ERS22873795.bin.r.41	0	0.0111555555555556	RIII2023	3192	ERS22873795	Mixed	
ERS22873795.bin.r.41	1	0.0111333333333333	RIII2023	3192	ERS22873795	Mixed	
ERS22873795.bin.r.41	2	0.0164740740740741	RIII2023	3192	ERS22873795	Mixed	
ERS22873795.bin.r.41	3	0.00732592592592593	RIII2023	3192	ERS22873795	Mixed	
ERS22873795.bin.r.41	4	0.00908148148148148	RIII2023	3192	ERS22873795	Mixed	
ERS22873795.bin.r.41	5	0.00665925925925926	RIII2023	3192	ERS22873795	Mixed	
ERS22873796.bin.r.42	0	0.00584134615384615	RIII2023	3192	ERS22873796	Mixed	
ERS22873796.bin.r.42	1	0.00432692307692308	RIII2023	3192	ERS22873796	Mixed	
ERS22873796.bin.r.42	2	0.00707211538461539	RIII2023	3192	ERS22873796	Mixed	
ERS22873796.bin.r.42	3	0.00359134615384615	RIII2023	3192	ERS22873796	Mixed	
ERS22873796.bin.r.42	4	0.00414423076923077	RIII2023	3192	ERS22873796	Mixed	
ERS22873796.bin.r.42	5	0.00248557692307692	RIII2023	3192	ERS22873796	Mixed	
ERS26854150.bin.r.3	0	0.427336283185841	""	3192	ERS26854150	None	
ERS26854150.bin.r.3	1	0.305407079646018	""	3192	ERS26854150	None	
ERS26854150.bin.r.3	2	0.244946902654867	""	3192	ERS26854150	None	
ERS26854150.bin.r.3	3	0.208327433628319	""	3192	ERS26854150	None	
ERS26854150.bin.r.3	4	0.179796460176991	""	3192	ERS26854150	None	
ERS26854150.bin.r.3	5	0.159495575221239	""	3192	ERS26854150	None	
ERS3774415.bin.r.1	0	0.144310843373494	FellowsYates2021	3194	ERS3774415	None	PfuTurbo Cx Hotstart DNA
ERS3774415.bin.r.1	1	0.122807228915663	FellowsYates2021	3194	ERS3774415	None	PfuTurbo Cx Hotstart DNA
ERS3774415.bin.r.1	2	0.104913253012048	FellowsYates2021	3194	ERS3774415	None	PfuTurbo Cx Hotstart DNA
ERS3774415.bin.r.1	3	0.103744578313253	FellowsYates2021	3194	ERS3774415	None	PfuTurbo Cx Hotstart DNA
ERS3774415.bin.r.1	4	0.0974072289156627	FellowsYates2021	3194	ERS3774415	None	PfuTurbo Cx Hotstart DNA
ERS3774415.bin.r.1	5	0.0906168674698795	FellowsYates2021	3194	ERS3774415	None	PfuTurbo Cx Hotstart DNA
ERS3774417.bin.r.1	0	0.107073684210526	FellowsYates2021	3194	ERS3774417	None	PfuTurbo Cx Hotstart DNA
ERS3774417.bin.r.1	1	0.0861947368421053	FellowsYates2021	3194	ERS3774417	None	PfuTurbo Cx Hotstart DNA
ERS3774417.bin.r.1	2	0.0724526315789474	FellowsYates2021	3194	ERS3774417	None	PfuTurbo Cx Hotstart DNA
ERS3774417.bin.r.1	3	0.0696052631578947	FellowsYates2021	3194	ERS3774417	None	PfuTurbo Cx Hotstart DNA
ERS3774417.bin.r.1	4	0.0639052631578947	FellowsYates2021	3194	ERS3774417	None	PfuTurbo Cx Hotstart DNA
ERS3774417.bin.r.1	5	0.0588894736842105	FellowsYates2021	3194	ERS3774417	None	PfuTurbo Cx Hotstart DNA
ERS3774418.bin.r.1	0	0.107060465116279	FellowsYates2021	3194	ERS3774418	None	PfuTurbo Cx Hotstart DNA
ERS3774418.bin.r.1	1	0.0911	FellowsYates2021	3194	ERS3774418	None	PfuTurbo Cx Hotstart DNA
ERS3774418.bin.r.1	2	0.0766976744186047	FellowsYates2021	3194	ERS3774418	None	PfuTurbo Cx Hotstart DNA
ERS3774418.bin.r.1	3	0.0784069767441861	FellowsYates2021	3194	ERS3774418	None	PfuTurbo Cx Hotstart DNA
ERS3774418.bin.r.1	4	0.0716162790697675	FellowsYates2021	3194	ERS3774418	None	PfuTurbo Cx Hotstart DNA
ERS3774418.bin.r.1	5	0.0699372093023256	FellowsYates2021	3194	ERS3774418	None	PfuTurbo Cx Hotstart DNA
ERS3774419.bin.r.15	0	0.122758064516129	FellowsYates2021	3195	ERS3774419	Mixed	PfuTurbo Cx Hotstart DNA
ERS3774419.bin.r.15	0	0.122758064516129	FellowsYates2021	3195	ERS3774419	Mixed	PfuTurbo Cx Hotstart DNA
ERS3774419.bin.r.15	1	0.112193548387097	FellowsYates2021	3195	ERS3774419	Mixed	PfuTurbo Cx Hotstart DNA
ERS3774419.bin.r.15	1	0.112193548387097	FellowsYates2021	3195	ERS3774419	Mixed	PfuTurbo Cx Hotstart DNA
ERS3774419.bin.r.15	2	0.0899032258064516	FellowsYates2021	3195	ERS3774419	Mixed	PfuTurbo Cx Hotstart DNA
ERS3774419.bin.r.15	2	0.0899032258064516	FellowsYates2021	3195	ERS3774419	Mixed	PfuTurbo Cx Hotstart DNA
ERS3774419.bin.r.15	3	0.0943548387096774	FellowsYates2021	3195	ERS3774419	Mixed	PfuTurbo Cx Hotstart DNA
ERS3774419.bin.r.15	3	0.0943548387096774	FellowsYates2021	3195	ERS3774419	Mixed	PfuTurbo Cx Hotstart DNA
ERS3774419.bin.r.15	4	0.0870806451612903	FellowsYates2021	3195	ERS3774419	Mixed	PfuTurbo Cx Hotstart DNA
ERS3774419.bin.r.15	4	0.0870806451612903	FellowsYates2021	3195	ERS3774419	Mixed	PfuTurbo Cx Hotstart DNA
ERS3774419.bin.r.15	5	0.0800645161290323	FellowsYates2021	3195	ERS3774419	Mixed	PfuTurbo Cx Hotstart DNA
ERS3774419.bin.r.15	5	0.0800645161290323	FellowsYates2021	3195	ERS3774419	Mixed	PfuTurbo Cx Hotstart DNA
ERS3774421.bin.r.2	0	0.10652380952381	FellowsYates2021	3195	ERS3774421	Mixed	PfuTurbo Cx Hotstart DNA
ERS3774421.bin.r.2	0	0.10652380952381	FellowsYates2021	3195	ERS3774421	Mixed	PfuTurbo Cx Hotstart DNA
ERS3774421.bin.r.2	1	0.0653809523809524	FellowsYates2021	3195	ERS3774421	Mixed	PfuTurbo Cx Hotstart DNA
ERS3774421.bin.r.2	1	0.0653809523809524	FellowsYates2021	3195	ERS3774421	Mixed	PfuTurbo Cx Hotstart DNA
ERS3774421.bin.r.2	2	0.0687142857142857	FellowsYates2021	3195	ERS3774421	Mixed	PfuTurbo Cx Hotstart DNA
ERS3774421.bin.r.2	2	0.0687142857142857	FellowsYates2021	3195	ERS3774421	Mixed	PfuTurbo Cx Hotstart DNA
ERS3774421.bin.r.2	3	0.070952380952381	FellowsYates2021	3195	ERS3774421	Mixed	PfuTurbo Cx Hotstart DNA
ERS3774421.bin.r.2	3	0.070952380952381	FellowsYates2021	3195	ERS3774421	Mixed	PfuTurbo Cx Hotstart DNA
ERS3774421.bin.r.2	4	0.0644761904761905	FellowsYates2021	3195	ERS3774421	Mixed	PfuTurbo Cx Hotstart DNA
ERS3774421.bin.r.2	4	0.0644761904761905	FellowsYates2021	3195	ERS3774421	Mixed	PfuTurbo Cx Hotstart DNA
ERS3774421.bin.r.2	5	0.0561428571428571	FellowsYates2021	3195	ERS3774421	Mixed	PfuTurbo Cx Hotstart DNA
ERS3774421.bin.r.2	5	0.0561428571428571	FellowsYates2021	3195	ERS3774421	Mixed	PfuTurbo Cx Hotstart DNA
ERS3774422.bin.r.23	0	0.0912058823529412	FellowsYates2021	3195	ERS3774422	Mixed	PfuTurbo Cx Hotstart DNA
ERS3774422.bin.r.23	0	0.0912058823529412	FellowsYates2021	3195	ERS3774422	Mixed	PfuTurbo Cx Hotstart DNA
ERS3774422.bin.r.23	1	0.0906470588235294	FellowsYates2021	3195	ERS3774422	Mixed	PfuTurbo Cx Hotstart DNA
ERS3774422.bin.r.23	1	0.0906470588235294	FellowsYates2021	3195	ERS3774422	Mixed	PfuTurbo Cx Hotstart DNA
ERS3774422.bin.r.23	2	0.0725294117647059	FellowsYates2021	3195	ERS3774422	Mixed	PfuTurbo Cx Hotstart DNA
ERS3774422.bin.r.23	2	0.0725294117647059	FellowsYates2021	3195	ERS3774422	Mixed	PfuTurbo Cx Hotstart DNA
ERS3774422.bin.r.23	3	0.0821176470588235	FellowsYates2021	3195	ERS3774422	Mixed	PfuTurbo Cx Hotstart DNA
ERS3774422.bin.r.23	3	0.0821176470588235	FellowsYates2021	3195	ERS3774422	Mixed	PfuTurbo Cx Hotstart DNA
ERS3774422.bin.r.23	4	0.0731176470588235	FellowsYates2021	3195	ERS3774422	Mixed	PfuTurbo Cx Hotstart DNA
ERS3774422.bin.r.23	4	0.0731176470588235	FellowsYates2021	3195	ERS3774422	Mixed	PfuTurbo Cx Hotstart DNA
ERS3774422.bin.r.23	5	0.0672058823529412	FellowsYates2021	3195	ERS3774422	Mixed	PfuTurbo Cx Hotstart DNA
ERS3774422.bin.r.23	5	0.0672058823529412	FellowsYates2021	3195	ERS3774422	Mixed	PfuTurbo Cx Hotstart DNA
ERS3774423.bin.r.1	0	0.139348837209302	FellowsYates2021	3195	ERS3774423	None	PfuTurbo Cx Hotstart DNA
ERS3774423.bin.r.1	1	0.103337209302326	FellowsYates2021	3195	ERS3774423	None	PfuTurbo Cx Hotstart DNA
ERS3774423.bin.r.1	2	0.0942674418604651	FellowsYates2021	3195	ERS3774423	None	PfuTurbo Cx Hotstart DNA
ERS3774423.bin.r.1	3	0.0927325581395349	FellowsYates2021	3195	ERS3774423	None	PfuTurbo Cx Hotstart DNA
ERS3774423.bin.r.1	4	0.0873023255813954	FellowsYates2021	3195	ERS3774423	None	PfuTurbo Cx Hotstart DNA
ERS3774423.bin.r.1	5	0.0810813953488372	FellowsYates2021	3195	ERS3774423	None	PfuTurbo Cx Hotstart DNA
ERS3774425.bin.r.5	0	0.125416666666667	FellowsYates2021	3195	ERS3774425	Mixed	PfuTurbo Cx Hotstart DNA
ERS3774425.bin.r.5	0	0.125416666666667	FellowsYates2021	3195	ERS3774425	Mixed	PfuTurbo Cx Hotstart DNA
ERS3774425.bin.r.5	1	0.111354166666667	FellowsYates2021	3195	ERS3774425	Mixed	PfuTurbo Cx Hotstart DNA
ERS3774425.bin.r.5	1	0.111354166666667	FellowsYates2021	3195	ERS3774425	Mixed	PfuTurbo Cx Hotstart DNA
ERS3774425.bin.r.5	2	0.0897083333333333	FellowsYates2021	3195	ERS3774425	Mixed	PfuTurbo Cx Hotstart DNA
ERS3774425.bin.r.5	2	0.0897083333333333	FellowsYates2021	3195	ERS3774425	Mixed	PfuTurbo Cx Hotstart DNA
ERS3774425.bin.r.5	3	0.0915208333333333	FellowsYates2021	3195	ERS3774425	Mixed	PfuTurbo Cx Hotstart DNA
ERS3774425.bin.r.5	3	0.0915208333333333	FellowsYates2021	3195	ERS3774425	Mixed	PfuTurbo Cx Hotstart DNA
ERS3774425.bin.r.5	4	0.0837291666666667	FellowsYates2021	3195	ERS3774425	Mixed	PfuTurbo Cx Hotstart DNA
ERS3774425.bin.r.5	4	0.0837291666666667	FellowsYates2021	3195	ERS3774425	Mixed	PfuTurbo Cx Hotstart DNA
ERS3774425.bin.r.5	5	0.0746666666666667	FellowsYates2021	3195	ERS3774425	Mixed	PfuTurbo Cx Hotstart DNA
ERS3774425.bin.r.5	5	0.0746666666666667	FellowsYates2021	3195	ERS3774425	Mixed	PfuTurbo Cx Hotstart DNA
ERS4042406.bin.r.14	0	0.0495531914893617	Fagernas2020	3192	ERS4042406	Half	PfuTurbo Cx Hotstart DNA
ERS4042406.bin.r.14	1	0.00240425531914894	Fagernas2020	3192	ERS4042406	Half	PfuTurbo Cx Hotstart DNA
ERS4042406.bin.r.14	2	0.00102127659574468	Fagernas2020	3192	ERS4042406	Half	PfuTurbo Cx Hotstart DNA
ERS4042406.bin.r.14	3	0.00204255319148936	Fagernas2020	3192	ERS4042406	Half	PfuTurbo Cx Hotstart DNA
ERS4042406.bin.r.14	4	0.00112765957446809	Fagernas2020	3192	ERS4042406	Half	PfuTurbo Cx Hotstart DNA
ERS4042406.bin.r.14	5	0.000680851063829787	Fagernas2020	3192	ERS4042406	Half	PfuTurbo Cx Hotstart DNA
ERS4042431.bin.r.7	0	0.0585357142857143	Fagernas2020	3192	ERS4042431	Half	PfuTurbo Cx Hotstart DNA
ERS4042431.bin.r.7	1	0.00301785714285714	Fagernas2020	3192	ERS4042431	Half	PfuTurbo Cx Hotstart DNA
ERS4042431.bin.r.7	2	0.00117857142857143	Fagernas2020	3192	ERS4042431	Half	PfuTurbo Cx Hotstart DNA
ERS4042431.bin.r.7	3	0.00248214285714286	Fagernas2020	3192	ERS4042431	Half	PfuTurbo Cx Hotstart DNA
ERS4042431.bin.r.7	4	0.00132142857142857	Fagernas2020	3192	ERS4042431	Half	PfuTurbo Cx Hotstart DNA
ERS4042431.bin.r.7	5	0.000714285714285714	Fagernas2020	3192	ERS4042431	Half	PfuTurbo Cx Hotstart DNA
ERS6205396.bin.r.8	0	0.118669211195929	Granehall2021	3192	ERS6205396	None	Phusion Hot Start High-Fidelity DNA
ERS6205396.bin.r.8	1	0.0949745547073791	Granehall2021	3192	ERS6205396	None	Phusion Hot Start High-Fidelity DNA
ERS6205396.bin.r.8	2	0.0686997455470738	Granehall2021	3192	ERS6205396	None	Phusion Hot Start High-Fidelity DNA
ERS6205396.bin.r.8	3	0.0650788804071247	Granehall2021	3192	ERS6205396	None	Phusion Hot Start High-Fidelity DNA
ERS6205396.bin.r.8	4	0.0525318066157761	Granehall2021	3192	ERS6205396	None	Phusion Hot Start High-Fidelity DNA
ERS6205396.bin.r.8	5	0.0401526717557252	Granehall2021	3192	ERS6205396	None	Phusion Hot Start High-Fidelity DNA
ERS6256726.bin.r.5	0	0.331387283236994	Ottoni2021	3192	ERS6256726	None	PfuTurbo Cx Hotstart DNA
ERS6256726.bin.r.5	1	0.221601156069364	Ottoni2021	3192	ERS6256726	None	PfuTurbo Cx Hotstart DNA
ERS6256726.bin.r.5	2	0.153447976878613	Ottoni2021	3192	ERS6256726	None	PfuTurbo Cx Hotstart DNA
ERS6256726.bin.r.5	3	0.120184971098266	Ottoni2021	3192	ERS6256726	None	PfuTurbo Cx Hotstart DNA
ERS6256726.bin.r.5	4	0.0917456647398844	Ottoni2021	3192	ERS6256726	None	PfuTurbo Cx Hotstart DNA
ERS6256726.bin.r.5	5	0.0754682080924856	Ottoni2021	3192	ERS6256726	None	PfuTurbo Cx Hotstart DNA
ERS6636099.bin.r.13	0	0.128285256410256	Fagernas2022	3192	ERS6636099	Half	PfuTurbo Cx Hotstart DNA
ERS6636099.bin.r.13	1	0.00575961538461539	Fagernas2022	3192	ERS6636099	Half	PfuTurbo Cx Hotstart DNA
ERS6636099.bin.r.13	2	0.0041025641025641	Fagernas2022	3192	ERS6636099	Half	PfuTurbo Cx Hotstart DNA
ERS6636099.bin.r.13	3	0.00474358974358974	Fagernas2022	3192	ERS6636099	Half	PfuTurbo Cx Hotstart DNA
ERS6636099.bin.r.13	4	0.00362820512820513	Fagernas2022	3192	ERS6636099	Half	PfuTurbo Cx Hotstart DNA
ERS6636099.bin.r.13	5	0.00296153846153846	Fagernas2022	3192	ERS6636099	Half	PfuTurbo Cx Hotstart DNA
SRS15300787.bin.r.9	0	0.0623592592592593	Honap2023	3192	SRS15300787	Half	AmpliTaq Gold DNA
SRS15300787.bin.r.9	1	0.00395925925925926	Honap2023	3192	SRS15300787	Half	AmpliTaq Gold DNA
SRS15300787.bin.r.9	2	0.00418888888888889	Honap2023	3192	SRS15300787	Half	AmpliTaq Gold DNA
SRS15300787.bin.r.9	3	0.0053962962962963	Honap2023	3192	SRS15300787	Half	AmpliTaq Gold DNA
SRS15300787.bin.r.9	4	0.00457037037037037	Honap2023	3192	SRS15300787	Half	AmpliTaq Gold DNA
SRS15300787.bin.r.9	5	0.00326296296296296	Honap2023	3192	SRS15300787	Half	AmpliTaq Gold DNA
SRS15300794.bin.r.11	0	0.0441780821917808	Honap2023	3192	SRS15300794	Half	AmpliTaq Gold DNA
SRS15300794.bin.r.11	1	0.00423287671232877	Honap2023	3192	SRS15300794	Half	AmpliTaq Gold DNA
SRS15300794.bin.r.11	2	0.00272602739726027	Honap2023	3192	SRS15300794	Half	AmpliTaq Gold DNA
SRS15300794.bin.r.11	3	0.00379452054794521	Honap2023	3192	SRS15300794	Half	AmpliTaq Gold DNA
SRS15300794.bin.r.11	4	0.00371232876712329	Honap2023	3192	SRS15300794	Half	AmpliTaq Gold DNA
SRS15300794.bin.r.11	5	0.00252054794520548	Honap2023	3192	SRS15300794	Half	AmpliTaq Gold DNA
SRS15300805.bin.r.9	0	0.0886016260162602	Honap2023	3192	SRS15300805	Half	AmpliTaq Gold DNA
SRS15300805.bin.r.9	1	0.00554471544715447	Honap2023	3192	SRS15300805	Half	AmpliTaq Gold DNA
SRS15300805.bin.r.9	2	0.00276829268292683	Honap2023	3192	SRS15300805	Half	AmpliTaq Gold DNA
SRS15300805.bin.r.9	3	0.00335365853658537	Honap2023	3192	SRS15300805	Half	AmpliTaq Gold DNA
SRS15300805.bin.r.9	4	0.00228455284552846	Honap2023	3192	SRS15300805	Half	AmpliTaq Gold DNA
SRS15300805.bin.r.9	5	0.00178455284552846	Honap2023	3192	SRS15300805	Half	AmpliTaq Gold DNA
SRS3078097.bin.r.3	0	0.287194214876033	Mann2018	3192	SRS3078097	None	PfuTurbo Cx Hotstart DNA
SRS3078097.bin.r.3	1	0.211264462809917	Mann2018	3192	SRS3078097	None	PfuTurbo Cx Hotstart DNA
SRS3078097.bin.r.3	2	0.182830578512397	Mann2018	3192	SRS3078097	None	PfuTurbo Cx Hotstart DNA
SRS3078097.bin.r.3	3	0.160805785123967	Mann2018	3192	SRS3078097	None	PfuTurbo Cx Hotstart DNA
SRS3078097.bin.r.3	4	0.148950413223141	Mann2018	3192	SRS3078097	None	PfuTurbo Cx Hotstart DNA
SRS3078097.bin.r.3	5	0.126586776859504	Mann2018	3192	SRS3078097	None	PfuTurbo Cx Hotstart DNA
SRS3078204.bin.r.8	0	0.188781659388646	Mann2018	3192	SRS3078204	None	KAPA HiFi Uracil+
SRS3078204.bin.r.8	1	0.0511397379912664	Mann2018	3192	SRS3078204	None	KAPA HiFi Uracil+
SRS3078204.bin.r.8	2	0.0231266375545852	Mann2018	3192	SRS3078204	None	KAPA HiFi Uracil+
SRS3078204.bin.r.8	3	0.0344934497816594	Mann2018	3192	SRS3078204	None	KAPA HiFi Uracil+
SRS3078204.bin.r.8	4	0.045825327510917	Mann2018	3192	SRS3078204	None	KAPA HiFi Uracil+
SRS3078204.bin.r.8	5	0.0549868995633188	Mann2018	3192	SRS3078204	None	KAPA HiFi Uracil+
SRS4625232.bin.r.9	0	0.0942457627118644	Ozga2019	3195	SRS4625232	Proof-reading enzyme	AmpliTaq Gold DNA
SRS4625232.bin.r.9	1	0.0764915254237288	Ozga2019	3195	SRS4625232	Proof-reading enzyme	AmpliTaq Gold DNA
SRS4625232.bin.r.9	2	0.0711779661016949	Ozga2019	3195	SRS4625232	Proof-reading enzyme	AmpliTaq Gold DNA
SRS4625232.bin.r.9	3	0.074135593220339	Ozga2019	3195	SRS4625232	Proof-reading enzyme	AmpliTaq Gold DNA
SRS4625232.bin.r.9	4	0.0710254237288136	Ozga2019	3195	SRS4625232	Proof-reading enzyme	AmpliTaq Gold DNA
SRS4625232.bin.r.9	5	0.0631525423728814	Ozga2019	3195	SRS4625232	Proof-reading enzyme	AmpliTaq Gold DNA
SRS4625234.bin.r.7	0	0.0983356643356643	Ozga2019	3195	SRS4625234	Proof-reading enzyme	AmpliTaq Gold DNA
SRS4625234.bin.r.7	1	0.0835	Ozga2019	3195	SRS4625234	Proof-reading enzyme	AmpliTaq Gold DNA
SRS4625234.bin.r.7	2	0.0731363636363636	Ozga2019	3195	SRS4625234	Proof-reading enzyme	AmpliTaq Gold DNA
SRS4625234.bin.r.7	3	0.0748776223776224	Ozga2019	3195	SRS4625234	Proof-reading enzyme	AmpliTaq Gold DNA
SRS4625234.bin.r.7	4	0.0698916083916084	Ozga2019	3195	SRS4625234	Proof-reading enzyme	AmpliTaq Gold DNA
SRS4625234.bin.r.7	5	0.0647237762237762	Ozga2019	3195	SRS4625234	Proof-reading enzyme	AmpliTaq Gold DNA
SRS4625240.bin.r.4	0	0.125588235294118	Ozga2019	3195	SRS4625240	Proof-reading enzyme	AmpliTaq Gold DNA
SRS4625240.bin.r.4	1	0.105588235294118	Ozga2019	3195	SRS4625240	Proof-reading enzyme	AmpliTaq Gold DNA
SRS4625240.bin.r.4	2	0.0916141176470588	Ozga2019	3195	SRS4625240	Proof-reading enzyme	AmpliTaq Gold DNA
SRS4625240.bin.r.4	3	0.0931458823529412	Ozga2019	3195	SRS4625240	Proof-reading enzyme	AmpliTaq Gold DNA
SRS4625240.bin.r.4	4	0.0876682352941177	Ozga2019	3195	SRS4625240	Proof-reading enzyme	AmpliTaq Gold DNA
SRS4625240.bin.r.4	5	0.0799929411764706	Ozga2019	3195	SRS4625240	Proof-reading enzyme	AmpliTaq Gold DNA
SRS4625241.bin.r.3	0	0.0970769230769231	Ozga2019	3195	SRS4625241	Proof-reading enzyme	AmpliTaq Gold DNA
SRS4625241.bin.r.3	1	0.0868582995951417	Ozga2019	3195	SRS4625241	Proof-reading enzyme	AmpliTaq Gold DNA
SRS4625241.bin.r.3	2	0.0761093117408907	Ozga2019	3195	SRS4625241	Proof-reading enzyme	AmpliTaq Gold DNA
SRS4625241.bin.r.3	3	0.076663967611336	Ozga2019	3195	SRS4625241	Proof-reading enzyme	AmpliTaq Gold DNA
SRS4625241.bin.r.3	4	0.0685748987854251	Ozga2019	3195	SRS4625241	Proof-reading enzyme	AmpliTaq Gold DNA
SRS4625241.bin.r.3	5	0.0618825910931174	Ozga2019	3195	SRS4625241	Proof-reading enzyme	AmpliTaq Gold DNA
SRS4625244.bin.r.9	0	0.0956293532338309	Ozga2019	3195	SRS4625244	Proof-reading enzyme	AmpliTaq Gold DNA
SRS4625244.bin.r.9	1	0.0801716417910448	Ozga2019	3195	SRS4625244	Proof-reading enzyme	AmpliTaq Gold DNA
SRS4625244.bin.r.9	2	0.0681915422885572	Ozga2019	3195	SRS4625244	Proof-reading enzyme	AmpliTaq Gold DNA
SRS4625244.bin.r.9	3	0.0697338308457711	Ozga2019	3195	SRS4625244	Proof-reading enzyme	AmpliTaq Gold DNA
SRS4625244.bin.r.9	4	0.0636716417910448	Ozga2019	3195	SRS4625244	Proof-reading enzyme	AmpliTaq Gold DNA
SRS4625244.bin.r.9	5	0.0566940298507463	Ozga2019	3195	SRS4625244	Proof-reading enzyme	AmpliTaq Gold DNA
SRS4625245.bin.r.7	0	0.127025723472669	Ozga2019	3195	SRS4625245	Proof-reading enzyme	AmpliTaq Gold DNA
SRS4625245.bin.r.7	1	0.104987138263666	Ozga2019	3195	SRS4625245	Proof-reading enzyme	AmpliTaq Gold DNA
SRS4625245.bin.r.7	2	0.0976141479099678	Ozga2019	3195	SRS4625245	Proof-reading enzyme	AmpliTaq Gold DNA
SRS4625245.bin.r.7	3	0.095	Ozga2019	3195	SRS4625245	Proof-reading enzyme	AmpliTaq Gold DNA
SRS4625245.bin.r.7	4	0.0860675241157556	Ozga2019	3195	SRS4625245	Proof-reading enzyme	AmpliTaq Gold DNA
SRS4625245.bin.r.7	5	0.0757652733118971	Ozga2019	3195	SRS4625245	Proof-reading enzyme	AmpliTaq Gold DNA
SRS4625246.bin.r.8	0	0.121468253968254	Ozga2019	3195	SRS4625246	Proof-reading enzyme	AmpliTaq Gold DNA
SRS4625246.bin.r.8	1	0.100563492063492	Ozga2019	3195	SRS4625246	Proof-reading enzyme	AmpliTaq Gold DNA
SRS4625246.bin.r.8	2	0.0863015873015873	Ozga2019	3195	SRS4625246	Proof-reading enzyme	AmpliTaq Gold DNA
SRS4625246.bin.r.8	3	0.0907619047619048	Ozga2019	3195	SRS4625246	Proof-reading enzyme	AmpliTaq Gold DNA
SRS4625246.bin.r.8	4	0.0848055555555555	Ozga2019	3195	SRS4625246	Proof-reading enzyme	AmpliTaq Gold DNA
SRS4625246.bin.r.8	5	0.079734126984127	Ozga2019	3195	SRS4625246	Proof-reading enzyme	AmpliTaq Gold DNA
SRS4625247.bin.r.2	0	0.0820761670761671	Ozga2019	3195	SRS4625247	Proof-reading enzyme	AmpliTaq Gold DNA
SRS4625247.bin.r.2	1	0.0771130221130221	Ozga2019	3195	SRS4625247	Proof-reading enzyme	AmpliTaq Gold DNA
SRS4625247.bin.r.2	2	0.067953316953317	Ozga2019	3195	SRS4625247	Proof-reading enzyme	AmpliTaq Gold DNA
SRS4625247.bin.r.2	3	0.0723685503685504	Ozga2019	3195	SRS4625247	Proof-reading enzyme	AmpliTaq Gold DNA
SRS4625247.bin.r.2	4	0.0704398034398034	Ozga2019	3195	SRS4625247	Proof-reading enzyme	AmpliTaq Gold DNA
SRS4625247.bin.r.2	5	0.0651498771498772	Ozga2019	3195	SRS4625247	Proof-reading enzyme	AmpliTaq Gold DNA
SRS6212649.bin.r.8	0	0.0423219512195122	Eisenhofer2020	3192	SRS6212649	Proof-reading enzyme	Platinum Taq DNA-Polymerase High Fidelity
SRS6212649.bin.r.8	1	0.0354243902439024	Eisenhofer2020	3192	SRS6212649	Proof-reading enzyme	Platinum Taq DNA-Polymerase High Fidelity
SRS6212649.bin.r.8	2	0.0216829268292683	Eisenhofer2020	3192	SRS6212649	Proof-reading enzyme	Platinum Taq DNA-Polymerase High Fidelity
SRS6212649.bin.r.8	3	0.0221756097560976	Eisenhofer2020	3192	SRS6212649	Proof-reading enzyme	Platinum Taq DNA-Polymerase High Fidelity
SRS6212649.bin.r.8	4	0.0167658536585366	Eisenhofer2020	3192	SRS6212649	Proof-reading enzyme	Platinum Taq DNA-Polymerase High Fidelity
SRS6212649.bin.r.8	5	0.0160390243902439	Eisenhofer2020	3192	SRS6212649	Proof-reading enzyme	Platinum Taq DNA-Polymerase High Fidelity
SRS6212660.bin.r.2	0	0.0597929155313352	Eisenhofer2020	3192	SRS6212660	Proof-reading enzyme	Platinum Taq DNA-Polymerase High Fidelity
SRS6212660.bin.r.2	1	0.054133514986376	Eisenhofer2020	3192	SRS6212660	Proof-reading enzyme	Platinum Taq DNA-Polymerase High Fidelity
SRS6212660.bin.r.2	2	0.034291553133515	Eisenhofer2020	3192	SRS6212660	Proof-reading enzyme	Platinum Taq DNA-Polymerase High Fidelity
SRS6212660.bin.r.2	3	0.0269318801089918	Eisenhofer2020	3192	SRS6212660	Proof-reading enzyme	Platinum Taq DNA-Polymerase High Fidelity
SRS6212660.bin.r.2	4	0.0222207084468665	Eisenhofer2020	3192	SRS6212660	Proof-reading enzyme	Platinum Taq DNA-Polymerase High Fidelity
SRS6212660.bin.r.2	5	0.0191062670299728	Eisenhofer2020	3192	SRS6212660	Proof-reading enzyme	Platinum Taq DNA-Polymerase High Fidelity
SRS6212663.bin.r.6	0	0.086189111747851	Eisenhofer2020	3192	SRS6212663	Proof-reading enzyme	Platinum Taq DNA-Polymerase High Fidelity
SRS6212663.bin.r.6	1	0.0561174785100287	Eisenhofer2020	3192	SRS6212663	Proof-reading enzyme	Platinum Taq DNA-Polymerase High Fidelity
SRS6212663.bin.r.6	2	0.0324699140401146	Eisenhofer2020	3192	SRS6212663	Proof-reading enzyme	Platinum Taq DNA-Polymerase High Fidelity
SRS6212663.bin.r.6	3	0.0283696275071633	Eisenhofer2020	3192	SRS6212663	Proof-reading enzyme	Platinum Taq DNA-Polymerase High Fidelity
SRS6212663.bin.r.6	4	0.0248796561604585	Eisenhofer2020	3192	SRS6212663	Proof-reading enzyme	Platinum Taq DNA-Polymerase High Fidelity
SRS6212663.bin.r.6	5	0.0217679083094556	Eisenhofer2020	3192	SRS6212663	Proof-reading enzyme	Platinum Taq DNA-Polymerase High Fidelity
