"Gene"	"KEGG module"	"Description"
"cofH"	"M00378"	"F420 biosynthesis, archaea"
"cofG"	"M00378"	"F420 biosynthesis, archaea"
"cofC"	"M00378"	"F420 biosynthesis, archaea"
"cofD"	"M00378"	"F420 biosynthesis, archaea"
"cofE"	"M00378"	"F420 biosynthesis, archaea"
"fbiD"	"M00378"	"F420 biosynthesis, archaea"
"fwdA"	"M00567"	"Methanogenesis, CO2 => methane"
"fmdA"	"M00567"	"Methanogenesis, CO2 => methane"
"fwdB"	"M00567"	"Methanogenesis, CO2 => methane"
"fmdB"	"M00567"	"Methanogenesis, CO2 => methane"
"fwdC"	"M00567"	"Methanogenesis, CO2 => methane"
"fmdC"	"M00567"	"Methanogenesis, CO2 => methane"
"fwdD"	"M00567"	"Methanogenesis, CO2 => methane"
"fmdD"	"M00567"	"Methanogenesis, CO2 => methane"
"fwdE"	"M00567"	"Methanogenesis, CO2 => methane"
"fmdE"	"M00567"	"Methanogenesis, CO2 => methane"
"fwdF"	"M00567"	"Methanogenesis, CO2 => methane"
"fmdF"	"M00567"	"Methanogenesis, CO2 => methane"
"fwdG"	"M00567"	"Methanogenesis, CO2 => methane"
"fwdH"	"M00567"	"Methanogenesis, CO2 => methane"
"ftr"	"M00567"	"Methanogenesis, CO2 => methane"
"mch"	"M00567"	"Methanogenesis, CO2 => methane"
"mtd"	"M00567"	"Methanogenesis, CO2 => methane"
"hmd"	"M00567"	"Methanogenesis, CO2 => methane"
"mer"	"M00567"	"Methanogenesis, CO2 => methane"
"mtrA"	"M00567"	"Methanogenesis, CO2 => methane"
"mtrB"	"M00567"	"Methanogenesis, CO2 => methane"
"mtrC"	"M00567"	"Methanogenesis, CO2 => methane"
"mtrD"	"M00567"	"Methanogenesis, CO2 => methane"
"mtrE"	"M00567"	"Methanogenesis, CO2 => methane"
"mtrF"	"M00567"	"Methanogenesis, CO2 => methane"
"mtrG"	"M00567"	"Methanogenesis, CO2 => methane"
"mtrH"	"M00567"	"Methanogenesis, CO2 => methane"
"mcrA"	"M00567"	"Methanogenesis, CO2 => methane"
"mcrB"	"M00567"	"Methanogenesis, CO2 => methane"
"mcrG"	"M00567"	"Methanogenesis, CO2 => methane"
"hdrA1"	"M00567"	"Methanogenesis, CO2 => methane"
"hdrB1"	"M00567"	"Methanogenesis, CO2 => methane"
"hdrC1"	"M00567"	"Methanogenesis, CO2 => methane"
"hdrA2"	"M00567"	"Methanogenesis, CO2 => methane"
"hdrB2"	"M00567"	"Methanogenesis, CO2 => methane"
"hdrC2"	"M00567"	"Methanogenesis, CO2 => methane"
"hdrD"	"M00567"	"Methanogenesis, CO2 => methane"
"hdrE"	"M00567"	"Methanogenesis, CO2 => methane"
"vhuA"	"M00567"	"Methanogenesis, CO2 => methane"
"vhcA"	"M00567"	"Methanogenesis, CO2 => methane"
"mvhG"	"M00567"	"Methanogenesis, CO2 => methane"
"vhuG"	"M00567"	"Methanogenesis, CO2 => methane"
"vhcG"	"M00567"	"Methanogenesis, CO2 => methane"
"mvhD"	"M00567"	"Methanogenesis, CO2 => methane"
"vhuD"	"M00567"	"Methanogenesis, CO2 => methane"
"vhcD"	"M00567"	"Methanogenesis, CO2 => methane"
"fdhA"	"M00567"	"Methanogenesis, CO2 => methane"
"fdhB"	"M00567"	"Methanogenesis, CO2 => methane"
"ackA"	"M00357"	"Methanogenesis, acetate => methane"
"pta"	"M00357"	"Methanogenesis, acetate => methane"
"ACSS1_2"	"M00357"	"Methanogenesis, acetate => methane"
"cdhC"	"M00357"	"Methanogenesis, acetate => methane"
"cdhE"	"M00357"	"Methanogenesis, acetate => methane"
"cdhD"	"M00357"	"Methanogenesis, acetate => methane"
"mtrA"	"M00357"	"Methanogenesis, acetate => methane"
"mtrB"	"M00357"	"Methanogenesis, acetate => methane"
"mtrC"	"M00357"	"Methanogenesis, acetate => methane"
"mtrD"	"M00357"	"Methanogenesis, acetate => methane"
"mtrE"	"M00357"	"Methanogenesis, acetate => methane"
"mtrF"	"M00357"	"Methanogenesis, acetate => methane"
"mtrG"	"M00357"	"Methanogenesis, acetate => methane"
"mtrH"	"M00357"	"Methanogenesis, acetate => methane"
"mcrA"	"M00357"	"Methanogenesis, acetate => methane"
"mcrB"	"M00357"	"Methanogenesis, acetate => methane"
"mcrG"	"M00357"	"Methanogenesis, acetate => methane"
"hdrA1"	"M00357"	"Methanogenesis, acetate => methane"
"hdrB1"	"M00357"	"Methanogenesis, acetate => methane"
"hdrC1"	"M00357"	"Methanogenesis, acetate => methane"
"hdrA2"	"M00357"	"Methanogenesis, acetate => methane"
"hdrB2"	"M00357"	"Methanogenesis, acetate => methane"
"hdrC2"	"M00357"	"Methanogenesis, acetate => methane"
"hdrD"	"M00357"	"Methanogenesis, acetate => methane"
"hdrE"	"M00357"	"Methanogenesis, acetate => methane"
"mvhA"	"M00357"	"Methanogenesis, acetate => methane"
"mvhG"	"M00357"	"Methanogenesis, acetate => methane"
"mvhD"	"M00357"	"Methanogenesis, acetate => methane"
"fdhA"	"M00357"	"Methanogenesis, acetate => methane"
"fdhB"	"M00357"	"Methanogenesis, acetate => methane"
"acs"	"M00357"	"Methanogenesis, acetate => methane"
"acsC"	"M00357"	"Methanogenesis, acetate => methane"
"acsD"	"M00357"	"Methanogenesis, acetate => methane"
"vhuA"	"M00357"	"Methanogenesis, acetate => methane"
"vhuG"	"M00357"	"Methanogenesis, acetate => methane"
"vhuD"	"M00357"	"Methanogenesis, acetate => methane"
"vhcA"	"M00357"	"Methanogenesis, acetate => methane"
"vhcG"	"M00357"	"Methanogenesis, acetate => methane"
"vhcD"	"M00357"	"Methanogenesis, acetate => methane"
"mtaA"	"M00356 "	"Methanogenesis, methanol => methane"
"mtaB"	"M00356 "	"Methanogenesis, methanol => methane"
"mtaC"	"M00356 "	"Methanogenesis, methanol => methane"
"mcrA"	"M00356 "	"Methanogenesis, methanol => methane"
"mcrB"	"M00356 "	"Methanogenesis, methanol => methane"
"mcrG"	"M00356 "	"Methanogenesis, methanol => methane"
"hdrA1"	"M00356 "	"Methanogenesis, methanol => methane"
"hdrB1"	"M00356 "	"Methanogenesis, methanol => methane"
"hdrC1"	"M00356 "	"Methanogenesis, methanol => methane"
"hdrA2"	"M00356 "	"Methanogenesis, methanol => methane"
"hdrB2"	"M00356 "	"Methanogenesis, methanol => methane"
"hdrC2"	"M00356 "	"Methanogenesis, methanol => methane"
"hdrD"	"M00356 "	"Methanogenesis, methanol => methane"
"hdrE"	"M00356 "	"Methanogenesis, methanol => methane"
"mvhA"	"M00356 "	"Methanogenesis, methanol => methane"
"mvhG"	"M00356 "	"Methanogenesis, methanol => methane"
"mvhD"	"M00356 "	"Methanogenesis, methanol => methane"
"fdhA"	"M00356 "	"Methanogenesis, methanol => methane"
"fdhB"	"M00356 "	"Methanogenesis, methanol => methane"
"vhuA"	"M00356 "	"Methanogenesis, methanol => methane"
"vhuG"	"M00356 "	"Methanogenesis, methanol => methane"
"vhuD"	"M00356 "	"Methanogenesis, methanol => methane"
"vhcA"	"M00356 "	"Methanogenesis, methanol => methane"
"vhcG"	"M00356 "	"Methanogenesis, methanol => methane"
"vhcD"	"M00356 "	"Methanogenesis, methanol => methane"
"mtbA"	"M00563"	"Methanogenesis, methylamine/dimethylamine/trimethylamine => methane"
"mtmB"	"M00563"	"Methanogenesis, methylamine/dimethylamine/trimethylamine => methane"
"mtmC"	"M00563"	"Methanogenesis, methylamine/dimethylamine/trimethylamine => methane"
"mtbB"	"M00563"	"Methanogenesis, methylamine/dimethylamine/trimethylamine => methane"
"mtbC"	"M00563"	"Methanogenesis, methylamine/dimethylamine/trimethylamine => methane"
"mttB"	"M00563"	"Methanogenesis, methylamine/dimethylamine/trimethylamine => methane"
"mttC"	"M00563"	"Methanogenesis, methylamine/dimethylamine/trimethylamine => methane"
"mcrA"	"M00563"	"Methanogenesis, methylamine/dimethylamine/trimethylamine => methane"
"mcrB"	"M00563"	"Methanogenesis, methylamine/dimethylamine/trimethylamine => methane"
"mcrG"	"M00563"	"Methanogenesis, methylamine/dimethylamine/trimethylamine => methane"
"hdrA1"	"M00563"	"Methanogenesis, methylamine/dimethylamine/trimethylamine => methane"
"hdrB1"	"M00563"	"Methanogenesis, methylamine/dimethylamine/trimethylamine => methane"
"hdrC1"	"M00563"	"Methanogenesis, methylamine/dimethylamine/trimethylamine => methane"
"hdrA2"	"M00563"	"Methanogenesis, methylamine/dimethylamine/trimethylamine => methane"
"hdrB2"	"M00563"	"Methanogenesis, methylamine/dimethylamine/trimethylamine => methane"
"hdrC2"	"M00563"	"Methanogenesis, methylamine/dimethylamine/trimethylamine => methane"
"hdrD"	"M00563"	"Methanogenesis, methylamine/dimethylamine/trimethylamine => methane"
"hdrE"	"M00563"	"Methanogenesis, methylamine/dimethylamine/trimethylamine => methane"
"mvhA"	"M00563"	"Methanogenesis, methylamine/dimethylamine/trimethylamine => methane"
"mvhG"	"M00563"	"Methanogenesis, methylamine/dimethylamine/trimethylamine => methane"
"mvhD"	"M00563"	"Methanogenesis, methylamine/dimethylamine/trimethylamine => methane"
"fdhA"	"M00563"	"Methanogenesis, methylamine/dimethylamine/trimethylamine => methane"
"fdhB"	"M00563"	"Methanogenesis, methylamine/dimethylamine/trimethylamine => methane"
"vhuA"	"M00563"	"Methanogenesis, methylamine/dimethylamine/trimethylamine => methane"
"vhuG"	"M00563"	"Methanogenesis, methylamine/dimethylamine/trimethylamine => methane"
"vhuD"	"M00563"	"Methanogenesis, methylamine/dimethylamine/trimethylamine => methane"
"vhcA"	"M00563"	"Methanogenesis, methylamine/dimethylamine/trimethylamine => methane"
"vhcG"	"M00563"	"Methanogenesis, methylamine/dimethylamine/trimethylamine => methane"
"vhcD"	"M00563"	"Methanogenesis, methylamine/dimethylamine/trimethylamine => methane"
"comA"	"M00358"	"Coenzyme M biosynthesis"
"comB"	"M00358"	"Coenzyme M biosynthesis"
"comC"	"M00358"	"Coenzyme M biosynthesis"
"comE"	"M00358"	"Coenzyme M biosynthesis"
"comD"	"M00358"	"Coenzyme M biosynthesis"
"aksA"	"M00608"	"2-Oxocarboxylic acid chain extension, 2-oxoglutarate => 2-oxoadipate => 2-oxopimelate => 2-oxosuberate"
"aksD"	"M00608"	"2-Oxocarboxylic acid chain extension, 2-oxoglutarate => 2-oxoadipate => 2-oxopimelate => 2-oxosuberate"
"aksE"	"M00608"	"2-Oxocarboxylic acid chain extension, 2-oxoglutarate => 2-oxoadipate => 2-oxopimelate => 2-oxosuberate"
"aksF"	"M00608"	"2-Oxocarboxylic acid chain extension, 2-oxoglutarate => 2-oxoadipate => 2-oxopimelate => 2-oxosuberate"
"pmoA-amoA"	"M00174"	"Methane oxidation, methanotroph, methane => formaldehyde"
"pmoB-amoB"	"M00174"	"Methane oxidation, methanotroph, methane => formaldehyde"
"pmoC-amoC"	"M00174"	"Methane oxidation, methanotroph, methane => formaldehyde"
"mmoX"	"M00174"	"Methane oxidation, methanotroph, methane => formaldehyde"
"mmoY"	"M00174"	"Methane oxidation, methanotroph, methane => formaldehyde"
"mmoZ"	"M00174"	"Methane oxidation, methanotroph, methane => formaldehyde"
"mmoB"	"M00174"	"Methane oxidation, methanotroph, methane => formaldehyde"
"mmoC"	"M00174"	"Methane oxidation, methanotroph, methane => formaldehyde"
"mmoD"	"M00174"	"Methane oxidation, methanotroph, methane => formaldehyde"
"mdh1"	"M00174"	"Methane oxidation, methanotroph, methane => formaldehyde"
"mxaF"	"M00174"	"Methane oxidation, methanotroph, methane => formaldehyde"
"mdh2"	"M00174"	"Methane oxidation, methanotroph, methane => formaldehyde"
"mxaI"	"M00174"	"Methane oxidation, methanotroph, methane => formaldehyde"
"xoxF"	"M00174"	"Methane oxidation, methanotroph, methane => formaldehyde"
"glyA"	"M00346"	"Formaldehyde assimilation, serine pathway"
"AGXT"	"M00346"	"Formaldehyde assimilation, serine pathway"
"hprA"	"M00346"	"Formaldehyde assimilation, serine pathway"
"gck"	"M00346"	"Formaldehyde assimilation, serine pathway"
"gckA"	"M00346"	"Formaldehyde assimilation, serine pathway"
"GLYCTK"	"M00346"	"Formaldehyde assimilation, serine pathway"
"SHMT"	"M00346"	"Formaldehyde assimilation, serine pathway"
"ENO1_2_3"	"M00346"	"Formaldehyde assimilation, serine pathway"
"ppc"	"M00346"	"Formaldehyde assimilation, serine pathway"
"mdh"	"M00346"	"Formaldehyde assimilation, serine pathway"
"mtkB"	"M00346"	"Formaldehyde assimilation, serine pathway"
"mtkA"	"M00346"	"Formaldehyde assimilation, serine pathway"
"mcl"	"M00346"	"Formaldehyde assimilation, serine pathway"
"hxlA"	"M00345"	"Formaldehyde assimilation, ribulose monophosphate pathway"
"fae-hps"	"M00345"	"Formaldehyde assimilation, ribulose monophosphate pathway"
"hps-phi"	"M00345"	"Formaldehyde assimilation, ribulose monophosphate pathway"
"hxlB"	"M00345"	"Formaldehyde assimilation, ribulose monophosphate pathway"
"pfkA"	"M00345"	"Formaldehyde assimilation, ribulose monophosphate pathway"
"pfkB"	"M00345"	"Formaldehyde assimilation, ribulose monophosphate pathway"
"pfk"	"M00345"	"Formaldehyde assimilation, ribulose monophosphate pathway"
"FBA"	"M00345"	"Formaldehyde assimilation, ribulose monophosphate pathway"
"fbaA"	"M00345"	"Formaldehyde assimilation, ribulose monophosphate pathway"
"DAS"	"M00344"	"Formaldehyde assimilation, xylulose monophosphate pathway"
"DAK"	"M00344"	"Formaldehyde assimilation, xylulose monophosphate pathway"
"TKFC"	"M00344"	"Formaldehyde assimilation, xylulose monophosphate pathway"
"FBA"	"M00344"	"Formaldehyde assimilation, xylulose monophosphate pathway"
"fbaA"	"M00344"	"Formaldehyde assimilation, xylulose monophosphate pathway"
"FBP"	"M00344"	"Formaldehyde assimilation, xylulose monophosphate pathway"
"fbp"	"M00344"	"Formaldehyde assimilation, xylulose monophosphate pathway"
"mfnB"	"M00935"	"Methanofuran biosynthesis"
"mfnC"	"M00935"	"Methanofuran biosynthesis"
"mfnE"	"M00935"	"Methanofuran biosynthesis"
"mfnA"	"M00935"	"Methanofuran biosynthesis"
"mfnD"	"M00935"	"Methanofuran biosynthesis"
"mfnF"	"M00935"	"Methanofuran biosynthesis"
"cdhA"	"M00422"	"Acetyl-CoA pathway, CO2 => acetyl-CoA"
"cdhB"	"M00422"	"Acetyl-CoA pathway, CO2 => acetyl-CoA"
"cdhC"	"M00422"	"Acetyl-CoA pathway, CO2 => acetyl-CoA"
"cdhE"	"M00422"	"Acetyl-CoA pathway, CO2 => acetyl-CoA"
"acsC"	"M00422"	"Acetyl-CoA pathway, CO2 => acetyl-CoA"
"cdhD"	"M00422"	"Acetyl-CoA pathway, CO2 => acetyl-CoA"
"acsD"	"M00422"	"Acetyl-CoA pathway, CO2 => acetyl-CoA"
"mtrF"	"M00567"	"Methanogenesis, CO2 => methane"
"mcrC"	"M00567"	"Methanogenesis, CO2 => methane"
"mcrD"	"M00567"	"Methanogenesis, CO2 => methane"
