Type	Species	CA_abund	CA_prev	pct_CA_prev	PQi_abund	PQi_prev	pct_PQi_prev	fc	l2fc	effsize	magnitude	p.adj	-log10(p.adj)
BloSSUM	Abiotrophia pr_cl_1829	0.021109713619307	179	28.1004709576138	0.0779360249030794	117	86.6666666666667	3.69195083877399	1.88438334249366	0.500385221953658	large	1.46e-42	41.8356471442156
VANISH	Actinomyces pr_cl_3772	0.110700601707638	206	32.3390894819466	0.000352900519953834	0	0	0.00318788258157666	-8.29318579275426	0.572148258757595	large	2.44e-55	54.6126101736613
VANISH	Actinomyces pr_cl_3773	0.805283050445509	451	70.8006279434851	0.0049930880474366	30	22.2222222222222	0.00620041368643518	-7.33341981054027	0.550960480337941	large	2.17e-51	50.6635402661515
VANISH	Actinomyces pr_cl_3774	0.0326029644267409	156	24.4897959183673	0.00027571841635806	0	0	0.00845685112400135	-6.88566370328404	0.512731719127296	large	1.22e-44	43.9136401693253
BloSSUM	Actinomyces pr_cl_3778	0.224907032612654	502	78.806907378336	4.15280913066898	135	100	18.4645588109339	4.20668688632979	0.63485093832004	large	6.84e-68	67.1649438982799
BloSSUM	Actinomyces pr_cl_3785	0.0120423536732929	129	20.2511773940345	0.0455030526113398	112	82.962962962963	3.77858463933466	1.91784593915715	0.44641428563949	moderate	4.53e-34	33.3439017979872
BloSSUM	Actinomyces pr_cl_3787	0.0640365465744048	390	61.2244897959184	0.208035569781678	133	98.5185185185185	3.24870063909457	1.69986280848987	0.533043193565044	large	3.62e-48	47.4412914294668
BloSSUM	Actinomyces pr_cl_3790	0.0342616953242391	190	29.8273155416013	0.861889620618893	131	97.037037037037	25.1560704297412	4.65283467472436	0.601926945857004	large	3.87e-61	60.4122890349811
BloSSUM	Actinomyces pr_cl_3792	0.024423518504452	136	21.3500784929356	0.0793436397654223	111	82.2222222222222	3.24865722156123	1.69984352734162	0.41064230523526	moderate	5.73e-29	28.2418453780326
BloSSUM	Actinomyces pr_cl_3793	0.146939905469819	480	75.3532182103611	0.425811201444257	134	99.2592592592593	2.89785950305866	1.53498765039724	0.434255567890545	moderate	2.74e-32	31.5622494371796
BloSSUM	Actinomyces pr_cl_3795	0.119725514698892	479	75.1962323390895	1.2594505968219	135	100	10.5194836705393	3.39499198922924	0.60214602185248	large	3.5e-61	60.4559319556497
BloSSUM	Actinomyces pr_cl_3796	0.114760166698112	409	64.2072213500785	0.884728227109155	131	97.037037037037	7.70936686974775	2.94661238395599	0.402145286267851	moderate	8.1e-28	27.0915149811214
BloSSUM	Actinomyces pr_cl_3800	0.0326414062398302	199	31.2401883830455	0.803940532071688	131	97.037037037037	24.6294698875655	4.62231367120938	0.543527544777132	large	4.85e-50	49.3142582613977
BloSSUM	Actinomyces pr_cl_3803	0.205567661736139	473	74.25431711146	2.39421652192176	134	99.2592592592593	11.6468538957013	3.54186839465573	0.577437379219812	large	2.39e-56	55.6216020990519
VANISH	Actinomyces pr_cl_3811	0.726648727970565	113	17.7394034536892	0.000602728443427746	1	0.740740740740741	0.000829463288418722	-10.235534249831	0.426008921489395	moderate	4.15e-31	30.3819519032879
VANISH	Actinomyces pr_cl_3812	0.557031538487828	586	91.9937205651492	0.0539657488669734	78	57.7777777777778	0.0968809576087452	-3.36764306451788	0.533434400699823	large	3.09e-48	47.5100415205752
VANISH	Actinomyces pr_cl_3813	0.960197489889437	590	92.6216640502355	0.0106122363985712	69	51.1111111111111	0.0110521392841728	-6.49953054088671	0.592084174345954	large	3.44e-59	58.4634415574285
VANISH	Actinomyces pr_cl_3814	0.0816299301791493	514	80.690737833595	0.00534208873422997	59	43.7037037037037	0.0654427698578933	-3.93362237829703	0.528192225093779	large	2.59e-47	46.5867002359188
VANISH	Actinomyces pr_cl_3815	3.26389729327138	615	96.5463108320251	0.417883022315983	124	91.8518518518519	0.128031915458081	-2.96542460861734	0.460763763343199	moderate	3.1e-36	35.5086383061657
VANISH	Actinomyces pr_cl_3816	0.11265287403853	475	74.5682888540032	0.0063246124880029	49	36.2962962962963	0.0561424867495145	-4.1547632224377	0.518255563870382	large	1.38e-45	44.8601209135988
VANISH	Actinomyces pr_cl_3817	0.549744256901981	328	51.4913657770801	0.00191762838122916	19	14.0740740740741	0.00348821903485763	-8.16329365091726	0.508741406352546	large	5.79e-44	43.2373214362726
VANISH	Actinomyces pr_cl_3820	0.0427723375983818	19	2.98273155416013	0.000351762900380083	0	0	0.0082240747205126	-6.92593091234537	0.386340518022762	moderate	9.66e-26	25.0150228735845
BloSSUM	Actinomyces pr_cl_3831	0.00267657097155509	14	2.1978021978022	0.0360126250541641	57	42.2222222222222	13.4547618713957	3.75004495260694	0.418779413638671	moderate	4.31e-30	29.3655227298393
BloSSUM	Aggregatibacter pr_cl_2917	0.0455636476959496	213	33.4379905808477	0.439969209784158	110	81.4814814814815	9.65614545876821	3.27144740880451	0.397122186657283	moderate	3.78e-27	26.4225082001628
BloSSUM	Aggregatibacter pr_cl_2921	0.0136921666862289	142	22.2919937205651	0.0960540410591587	107	79.2592592592593	7.01525501846003	2.81049554962997	0.464081199846128	moderate	9.6e-37	36.0177287669604
BloSSUM	Aggregatibacter pr_cl_2922	0.00451699223103776	57	8.94819466248038	0.0424275373234905	82	60.7407407407407	9.39287365427746	3.23156660330258	0.478571512118358	moderate	5.14e-39	38.2890368810047
BloSSUM	Aggregatibacter pr_cl_2933	0.00647001526840059	81	12.7158555729984	0.236832226243706	119	88.1481481481482	36.6045853709789	5.1939524777577	0.620032012054595	large	8.28e-65	64.0819696632151
BloSSUM	Alloprevotella pr_cl_709	0.000913757699756042	1	0.156985871271586	0.223467877440885	73	54.0740740740741	244.559227791511	7.93404009173477	0.539005190299082	large	3.15e-49	48.5016894462104
BloSSUM	Alloprevotella pr_cl_711	0.000391142707970991	1	0.156985871271586	0.0346233838688692	69	51.1111111111111	88.518546206509	6.46790785196977	0.546719794996932	large	1.28e-50	49.8927900303521
BloSSUM	Alloprevotella pr_cl_715	0.00143344616005733	7	1.0989010989011	0.111882477552326	78	57.7777777777778	78.0513985595744	6.28635257817172	0.481450796630334	moderate	8.94e-40	39.0486624812041
BloSSUM	Alloprevotella pr_cl_724	0.000195195453853469	0	0	0.0346664712224434	87	64.4444444444445	177.59876338343	7.47247772604155	0.634616214039172	large	7.68e-68	67.1146387799685
BloSSUM	Alloprevotella pr_cl_753	0.00290834886549623	17	2.66875981161695	0.185052531144693	66	48.8888888888889	63.6280376608529	5.99159072330377	0.333308478832064	moderate	1.13e-19	18.9469215565166
BloSSUM	Anaeroglobus pr_cl_2770	0.000535600479246365	2	0.313971742543171	0.0027209841668838	6	4.44444444444444	5.08024968669268	2.34489940504882	0.437979859813645	moderate	7.86e-33	32.1045774539606
VANISH	Anaerovoracaceae pr_cl_1224	0.345576247775758	473	74.25431711146	0.000138807493275852	1	0.740740740740741	0.000401669658054519	-11.2817028945852	0.648214574044105	large	9.84e-71	70.0070049015687
VANISH	Anaerovoracaceae pr_cl_1250	0.237116167436599	380	59.6546310832025	2.02385996621108e-05	0	0	8.53530987823604e-05	-13.5161969425454	0.653879253355711	large	5.9e-72	71.2291479883579
VANISH	Anaerovoracaceae pr_cl_1253	0.030726789656197	123	19.309262166405	3.71540998414452e-06	0	0	0.000120917610518911	-13.0136880046225	0.635429924879513	large	5.17e-68	67.2865094569061
VANISH	Anaerovoracaceae pr_cl_1254	0.039681108298177	133	20.8791208791209	4.76541188930428e-07	0	0	1.20092711460965e-05	-16.3454918792484	0.651532010547034	large	1.9e-71	70.7212463990472
VANISH	Anaerovoracaceae pr_cl_1283	0.0153629439472364	97	15.2276295133438	1.44311751930855e-05	0	0	0.000939349596187357	-10.0560501963023	0.645037972109696	large	4.72e-70	69.3260580013659
VANISH	Anaerovoracaceae pr_cl_1285	0.0525517280524639	345	54.160125588697	1.5933754828826e-05	0	0	0.00030320134882946	-11.6874362080152	0.654990281618484	large	3.38e-72	71.4710832997224
BloSSUM	Arachnia pr_cl_3850	0.023314818272519	146	22.9199372056515	1.19179846573298	117	86.6666666666667	51.1176390826835	5.67574930045318	0.471482838836155	moderate	6.78e-38	37.1687703061329
BloSSUM	Arachnia pr_cl_3851	0.0968869376566061	374	58.712715855573	0.314648718808749	118	87.4074074074074	3.24758658307428	1.69936798950895	0.324154231878226	moderate	1.15e-18	17.9393021596464
VANISH	Arachnia pr_cl_3857	0.737837789435747	450	70.6436420722135	0.00670204378161667	62	45.9259259259259	0.00908335663688625	-6.78255875933544	0.461859143320581	moderate	2.11e-36	35.6757175447023
VANISH	Arachnia pr_cl_3859	0.189537164020651	424	66.5620094191523	0.00596246621216253	72	53.3333333333333	0.031458032217433	-4.99042776056403	0.406151247327992	moderate	2.34e-28	27.6307841425899
VANISH	Arachnia pr_cl_3860	0.142956787696744	397	62.3233908948195	0.00563595706378144	69	51.1111111111111	0.0394242005195099	-4.66477469076993	0.399469429465959	moderate	1.84e-27	26.7351821769905
VANISH	Bacteroides pr_cl_649	0.0262750176510653	250	39.2464678178964	0.00107251328830152	5	3.7037037037037	0.0408187466339546	-4.61462430560937	0.540413535984288	large	1.76e-49	48.7544873321859
VANISH	Bacteroides pr_cl_651	0.0123295170475687	153	24.0188383045526	0.00116167577192048	3	2.22222222222222	0.0942190815291956	-3.40783692144681	0.614727243306986	large	1.01e-63	62.9956786262174
VANISH	Bacteroides_D pr_cl_659	0.00315821436573461	42	6.59340659340659	0.00138027009396538	3	2.22222222222222	0.437041294264498	-1.19415849430104	0.430453034540489	moderate	9.66e-32	31.0150228735845
VANISH	Bacteroides_D pr_cl_663	0.0331008552129218	229	35.9497645211931	0.0104342710240831	8	5.92592592592593	0.315226629552755	-1.66553867969678	0.563792074358706	large	9.18e-54	53.0371573187988
VANISH	Berryella pr_cl_3184	0.815120982337652	543	85.243328100471	0.000166624737733188	0	0	0.000204417186336355	-12.2561958838615	0.657431414139508	large	9.96e-73	72.0017406615763
VANISH	Berryella pr_cl_3185	0.930309793659649	283	44.4270015698587	3.58693534137577e-05	0	0	3.85563536557591e-05	-14.6626718547024	0.656476868730646	large	1.61e-72	71.7931741239682
VANISH	Bifidobacterium pr_cl_3437	0.00384211502694796	16	2.51177394034537	6.8831841983799e-05	0	0	0.0179150914277745	-5.80268078356572	0.447900872751651	moderate	2.72e-34	33.5654310959658
VANISH	Brachymonas pr_cl_3475	0.534603880298445	539	84.6153846153846	0.00655033123125992	23	17.037037037037	0.0122526817942346	-6.35075863746125	0.60732560431696	large	3.2e-62	61.4948500216801
VANISH	Brachymonas pr_cl_3477	0.74666541586175	416	65.3061224489796	0.000371733933033276	3	2.22222222222222	0.000497858780032346	-10.9719758064123	0.627793561608619	large	2.06e-66	65.6861327796309
VANISH	Brachymonas pr_cl_3478	0.0277930606178231	159	24.9607535321821	2.20190753693203e-05	0	0	0.00079225083095742	-10.3017551117611	0.641188493903466	large	3.13e-69	68.5044556624536
VANISH	Brooklawnia pr_cl_3833	0.293752246559711	269	42.2291993720565	0.00234542262238167	7	5.18518518518519	0.0079843563746326	-6.96860816914211	0.434646775025325	moderate	2.41e-32	31.6179829574251
VANISH	Brooklawnia pr_cl_3834	0.0354303118774322	75	11.7739403453689	2.67608655993757e-05	0	0	0.000755309907853828	-10.3706436678442	0.555967931663118	large	2.6e-52	51.5850266520292
VANISH	Brooklawnia pr_cl_3839	0.193549188946076	221	34.6938775510204	4.11434625617535e-06	0	0	2.12573675900116e-05	-15.52167752291	0.649888940580961	large	4.3e-71	70.3665315444204
VANISH	Brooklawnia pr_cl_3840	0.485813631447974	483	75.8241758241758	0.000327799146868058	0	0	0.000674742587792458	-10.5333751561179	0.602239911564827	large	3.35e-61	60.4749551929632
VANISH	Brooklawnia pr_cl_3841	0.038712374593033	284	44.5839874411303	2.09424902933541e-05	0	0	0.000540976638956244	-10.8521460841844	0.646978359498202	large	1.81e-70	69.7423214251308
VANISH	Brooklawnia pr_cl_3842	0.47208961776058	239	37.519623233909	2.40124691557485e-05	0	0	5.08642178357043e-05	-14.2629893742187	0.566483579445989	large	2.86e-54	53.543633966871
VANISH	Butyrivibrio pr_cl_2628	0.111180876609422	347	54.4740973312402	0.0001719333199605	0	0	0.00154642889320347	-9.33684378668994	0.641736183892158	large	2.39e-69	68.6216020990519
VANISH	Butyrivibrio pr_cl_2629	0.261542882261757	510	80.0627943485086	0.01065396111957	27	20	0.0407350451575561	-4.61758568225814	0.566718303726856	large	2.59e-54	53.5867002359188
VANISH	CAG-74 pr_cl_3427	0.727258847454278	548	86.0282574568289	0.000245895974280037	0	0	0.000338113417445219	-11.5302051113288	0.659137077247146	large	4.23e-73	72.373659632625
VANISH	CAJPNN01 pr_cl_1570	0.489250393785699	561	88.0690737833595	0.00497604553423563	20	14.8148148148148	0.0101707542751927	-6.61942951463749	0.638950789092528	large	9.36e-69	68.0287241512619
BloSSUM	CAJPNX01 pr_cl_2898	0.0539127770096481	101	15.8555729984301	0.153397117556694	62	45.9259259259259	2.84528317896225	1.5085722449936	0.365105794746935	moderate	4.42e-23	22.3545777306509
VANISH	CAJPQU01 pr_cl_3093	0.0400601179985734	298	46.7817896389325	0.0107426232561484	27	20	0.268162546513991	-1.89882034061193	0.402145286267851	moderate	8.1e-28	27.0915149811214
VANISH	CAJPQU01 pr_cl_3095	0.095737200832052	463	72.6844583987441	0.0428404090633954	57	42.2222222222222	0.447479231595131	-1.16010736931496	0.357876286896212	moderate	3.29e-22	21.48280410205
VANISH	CAJPQU01 pr_cl_3096	0.248898393646893	512	80.3767660910518	0.00115371920230316	11	8.14814814814815	0.00463530192139335	-7.75312097249719	0.633755558342657	large	1.16e-67	66.9355420107731
VANISH	CAJPQU01 pr_cl_3097	0.078106171469254	427	67.032967032967	0.000969765417032585	9	6.66666666666667	0.0124159896560072	-6.33165692907272	0.624570014818037	large	9.6e-66	65.0177287669604
VANISH	CAJPSE01 pr_cl_673	0.0233073012313931	259	40.6593406593407	3.23796597894252e-05	0	0	0.00138924963761194	-9.49147842070302	0.657587896993419	large	9.24e-73	72.0343280287799
VANISH	CAJPSE01 pr_cl_674	0.422636077579965	483	75.8241758241758	0.00015591431264052	1	0.740740740740741	0.000368909141721391	-11.4044468394929	0.65613260645204	large	1.91e-72	71.7189666327523
VANISH	CAJPSE01 pr_cl_676	0.327781620351841	548	86.0282574568289	0.010411256969903	27	20	0.0317627844988002	-4.97651879723966	0.599501461621371	large	1.18e-60	59.9281179926939
VANISH	CAJPSE01 pr_cl_677	0.0212836310090395	312	48.9795918367347	0.000599568158680123	7	5.18518518518519	0.0281703887097778	-5.14967671886274	0.609798033408766	large	1.01e-62	61.9956786262174
VANISH	CAJPSE01 pr_cl_678	0.0697506323389962	453	71.1145996860283	0.00358411850141284	10	7.40740740740741	0.0513847456463708	-4.28251605305255	0.601942594142395	large	3.84e-61	60.4156687756325
VANISH	CAJPSE01 pr_cl_679	0.111981882390282	517	81.1616954474097	0.00120747096145088	9	6.66666666666667	0.0107827349895992	-6.53513303251193	0.634897883176213	large	6.72e-68	67.1726307269462
VANISH	CAJPSE01 pr_cl_680	3.61314115009888	616	96.7032967032967	0.0499937103949636	53	39.2592592592593	0.0138366336431654	-6.17536320178961	0.629248852149998	large	1.02e-66	65.9913998282381
VANISH	CAJPSE01 pr_cl_681	0.0972742483962262	471	73.9403453689168	0.00106176127155191	7	5.18518518518519	0.010915132103895	-6.51752659865987	0.627824858179401	large	2.03e-66	65.6925039620868
VANISH	CAJPSE01 pr_cl_682	0.13545455188803	508	79.7488226059655	0.0001975142110627	1	0.740740740740741	0.00145815853590488	-9.4216367018081	0.654927688476919	large	3.49e-72	71.4571745730408
BloSSUM	Campylobacter_A pr_cl_1328	0.00233041086836861	27	4.23861852433281	0.0274714318037048	70	51.8518518518519	11.788235360804	3.55927586521887	0.485754075112908	moderate	3.63e-40	39.4400933749639
BloSSUM	Campylobacter_A pr_cl_1332	0.00421555045889138	39	6.12244897959184	0.066138517939137	81	60	15.6891771511449	3.97169778428117	0.459668383365816	moderate	4.56e-36	35.3410351573356
BloSSUM	Campylobacter_A pr_cl_1334	0.0100234372192146	142	22.2919937205651	0.0915513263326007	79	58.5185185185185	9.13372572006531	3.19120346715848	0.31104096872042	moderate	5.68e-17	16.245651664289
BloSSUM	Campylobacter_A pr_cl_1348	0.00829123917175486	128	20.094191522763	0.0302622253823279	95	70.3703703703704	3.64990380272951	1.8678584406628	0.419280158771189	moderate	3.67e-30	29.4353339357479
BloSSUM	Campylobacter_A pr_cl_1349	0.00172459222119098	7	1.0989010989011	0.037839211695862	53	39.2592592592593	21.9409615971309	4.45555485039198	0.429326357992325	moderate	1.4e-31	30.8538719643218
BloSSUM	Campylobacter_A pr_cl_1350	0.00440103822099554	51	8.00627943485086	0.0521032565899524	91	67.4074074074074	11.8388557366735	3.56545774149589	0.504015624164411	large	3.61e-43	42.4424927980943
BloSSUM	Campylobacter_A pr_cl_1354	0.00138215053435329	4	0.627943485086342	0.0187592135645651	54	40	13.572482228459	3.76261268971931	0.432518608212125	moderate	4.88e-32	31.3115801779973
BloSSUM	Campylobacter_A pr_cl_1363	0.00591423636398055	92	14.4427001569859	0.0264681450310098	74	54.8148148148148	4.47532756590667	2.16199328246937	0.316783889458982	moderate	1.42e-17	16.8477116556169
BloSSUM	Campylobacter_A pr_cl_1404	0.000459170172040951	0	0	0.0169614080369833	46	34.0740740740741	36.9392636320258	5.20708320200324	0.56250891495663	large	1.59e-53	52.7986028756796
BloSSUM	Campylobacter_A pr_cl_1412	0.0016306686355392	8	1.25588697017268	0.0235573807102118	84	62.2222222222222	14.4464547835142	3.85264358804437	0.566248855165121	large	3.17e-54	53.4989407377823
BloSSUM	Campylobacter_A pr_cl_1496	0.00986306998262454	39	6.12244897959184	0.0337727168167691	122	90.3703703703704	3.42415869260437	1.77574956497739	0.633583427203354	large	1.27e-67	66.8961962790441
BloSSUM	Campylobacter_B pr_cl_1300	0.00475631850812388	50	7.84929356357928	0.0492150576704483	95	70.3703703703704	10.3473006667632	3.37118255125047	0.427213839464516	moderate	2.8e-31	30.5528419686578
BloSSUM	Campylobacter_B pr_cl_1307	0.00327779855221124	23	3.61067503924647	0.0189135554386448	84	62.2222222222222	5.77020068115093	2.52862149506947	0.435304003011754	moderate	1.93e-32	31.7144426909922
BloSSUM	Campylobacter_B pr_cl_1308	0.00266911707140282	13	2.04081632653061	0.0249109453889834	71	52.5925925925926	9.33302838451026	3.22234528326407	0.378093871621612	moderate	1.09e-24	23.9625735020594
BloSSUM	Campylobacter_B pr_cl_1309	0.00958009398688333	156	24.4897959183673	0.0281223434288823	103	76.2962962962963	2.93549765455185	1.55360510398011	0.341727256372517	moderate	2.54e-20	19.5951662833801
BloSSUM	Capnocytophaga pr_cl_1001	0.022514575828896	165	25.9026687598116	0.0836072775975291	92	68.1481481481482	3.71347336200865	1.89276922941144	0.374635600550162	moderate	2.95e-24	23.5301779840218
BloSSUM	Capnocytophaga pr_cl_1002	0.0542774071384452	241	37.8335949764521	0.448638636773222	119	88.1481481481482	8.26566080485165	3.04713016153498	0.498695207131411	moderate	2.78e-42	41.5559552040819
BloSSUM	Capnocytophaga pr_cl_1008	0.00745961685287657	78	12.2448979591837	0.0762414238473359	69	51.1111111111111	10.220554936134	3.35340162598416	0.406166895613383	moderate	2.33e-28	27.632644078974
BloSSUM	Capnocytophaga pr_cl_1010	0.0705514545081187	281	44.1130298273156	0.862415027520816	126	93.3333333333333	12.223915630564	3.61163458593035	0.516080452201008	large	3.26e-45	44.4867823999321
BloSSUM	Capnocytophaga pr_cl_1013	0.0951291478508755	209	32.8100470957614	0.422047611320381	117	86.6666666666667	4.43657512818241	2.14944639904193	0.443315925132037	moderate	1.3e-33	32.8860566476932
BloSSUM	Capnocytophaga pr_cl_1014	0.0233454453116024	103	16.1695447409733	0.195375849838916	96	71.1111111111111	8.36890653534961	3.06503913543	0.474205640494219	moderate	2.53e-38	37.5968794788242
BloSSUM	Capnocytophaga pr_cl_954	0.00341170558086638	23	3.61067503924647	0.0655899827268167	29	21.4814814814815	19.2249832736624	4.26491043788514	0.537299527191444	large	6.36e-49	48.1965428843516
BloSSUM	Capnocytophaga pr_cl_955	0.0396348130486588	202	31.7111459968603	0.30304037099494	112	82.962962962963	7.64581305386514	2.93466992557684	0.420860635595698	moderate	2.21e-30	29.6556077263149
BloSSUM	Capnocytophaga pr_cl_957	0.011168884540225	121	18.9952904238619	0.0574943803541838	76	56.2962962962963	5.14772806067754	2.36393584223879	0.334560341663358	moderate	1.64e-19	18.7851561519523
BloSSUM	Capnocytophaga pr_cl_963	0.000746670916547514	4	0.627943485086342	0.0320631268924705	83	61.4814814814815	42.9414433881063	5.42429878011911	0.610846468529975	large	6.24e-63	62.2048154103176
BloSSUM	Capnocytophaga pr_cl_964	0.0469690934967255	230	36.1067503924647	0.858024969424581	133	98.5185185185185	18.2678630892546	4.19123597730147	0.625962712217851	large	4.94e-66	65.3062730510764
BloSSUM	Capnocytophaga pr_cl_973	0.116559979719896	436	68.4458398744113	1.28871126065789	134	99.2592592592593	11.0562069739098	3.46678462345394	0.576263757815474	large	4.01e-56	55.3968556273798
BloSSUM	Capnocytophaga pr_cl_975	0.0167351730084341	176	27.6295133437991	0.389909432443858	128	94.8148148148148	23.2987990173364	4.54218368511504	0.59602754226453	large	5.75e-60	59.2403321553104
BloSSUM	Capnocytophaga pr_cl_976	0.00907500796997981	126	19.7802197802198	0.0334208762661059	119	88.1481481481482	3.68273795203954	1.88077874485016	0.582976872248289	large	2.05e-57	56.6882461389443
BloSSUM	Capnocytophaga pr_cl_981	0.0019968297485929	15	2.35478806907378	0.0229384824053711	105	77.7777777777778	11.4874502553536	3.52198670904497	0.622598330858748	large	2.45e-65	64.6108339156355
BloSSUM	Capnocytophaga pr_cl_982	0.00108591256777375	7	1.0989010989011	0.0295140921139387	54	40	27.1790685454963	4.76442410920386	0.560490286141168	large	3.78e-53	52.4225082001628
BloSSUM	Capnocytophaga pr_cl_983	0.060743139525733	273	42.8571428571429	0.689459593961611	133	98.5185185185185	11.3504109162736	3.50467262290039	0.634553620897607	large	7.92e-68	67.1012748184105
BloSSUM	Capnocytophaga pr_cl_997	0.00339734364571802	33	5.18053375196232	0.102417863890423	89	65.9259259259259	30.1464539860458	4.91391640820304	0.495941108902564	moderate	7.92e-42	41.1012748184105
BloSSUM	Capnocytophaga pr_cl_999	0.09391312283427	286	44.8979591836735	1.234231395727	135	100	13.1422676456523	3.71614232327796	0.646461966080293	large	2.34e-70	69.6307841425899
VANISH	Cardiobacteriaceae pr_cl_3432	0.159223803372838	177	27.7864992150706	0.000281428828478111	1	0.740740740740741	0.00176750474813818	-9.14407019403692	0.396903110661806	moderate	4.04e-27	26.3936186348894
BloSSUM	Cardiobacterium pr_cl_2802	0.00835704532425589	74	11.6169544740973	0.199321064407306	123	91.1111111111111	23.8506621268149	4.57595741285034	0.590362862952924	large	7.5e-59	58.1249387366083
BloSSUM	Cardiobacterium pr_cl_2804	0.0224941919768568	94	14.756671899529	0.143174014530828	104	77.037037037037	6.36493254250399	2.67014522408568	0.520133358117323	large	6.54e-46	45.1844222516757
BloSSUM	Cardiobacterium pr_cl_2805	0.0913131461764815	275	43.171114599686	0.888350272449077	134	99.2592592592593	9.72861312578319	3.28223415452705	0.61264602134996	large	2.68e-63	62.5718652059712
BloSSUM	Cardiobacterium pr_cl_2809	0.0228957789574166	86	13.5007849293564	0.0244463375912984	47	34.8148148148148	1.06772246695627	0.0945366961090296	0.382882246951312	moderate	2.68e-25	24.5718652059712
BloSSUM	Catonella pr_cl_2560	0.00455548348316733	59	9.26216640502355	0.0310569859897612	80	59.2592592592593	6.81749502649232	2.76924174266419	0.431704897371783	moderate	6.36e-32	31.1965428843516
BloSSUM	Centipeda pr_cl_3119	0.00449110485069652	45	7.06436420722135	0.31990655405064	113	83.7037037037037	71.2311479437017	6.15443633548159	0.566702655441465	large	2.6e-54	53.5850266520292
BloSSUM	Centipeda pr_cl_3120	0.000792690739062009	13	2.04081632653061	0.0340089928737471	29	21.4814814814815	42.9032297185533	5.42301435155284	0.317550655443149	moderate	1.18e-17	16.9281179926939
BloSSUM	Centipeda pr_cl_3121	0.000805239003308866	0	0	0.00698117617153365	52	38.5185185185185	8.66969451659295	3.11598115986454	0.411909816351945	moderate	1.92e-29	28.7166987712965
BloSSUM	Centipeda pr_cl_3122	0.00221023697235998	12	1.88383045525903	0.0157389936553669	81	60	7.12095302548559	2.83207033573268	0.418904599921801	moderate	4.14e-30	29.3829996588791
BloSSUM	Centipeda pr_cl_3130	0.060275083690694	305	47.8806907378336	0.727240741104923	119	88.1481481481482	12.0653626104745	3.59279936961817	0.44602307850471	moderate	5.18e-34	33.2856702402548
BloSSUM	Centipeda pr_cl_3141	0.0241846768638552	179	28.1004709576138	0.113337457890274	98	72.5925925925926	4.68633335596312	2.22845958200499	0.337064067325947	moderate	8.58e-20	19.0665127121513
BloSSUM	Centipeda pr_cl_3143	0.00708038953891392	95	14.9136577708006	0.0356214459880616	86	63.7037037037037	5.03100087817	2.33084544144838	0.337940371307853	moderate	6.84e-20	19.1649438982799
BloSSUM	Centipeda pr_cl_3144	0.00834481446984714	126	19.7802197802198	0.0570612996212784	101	74.8148148148148	6.83793508261468	2.77356072630532	0.41356853460341	moderate	2.27e-29	28.6439741428069
BloSSUM	Corynebacterium pr_cl_3876	0.154803829757899	264	41.4442700156986	3.78790540530605	135	100	24.4690677952221	4.61288723460348	0.625743636222375	large	5.48e-66	65.2612194415156
BloSSUM	Corynebacterium pr_cl_3895	0.52419450209653	541	84.9293563579278	10.7454814152393	134	99.2592592592593	20.4990349426835	4.35748408675578	0.599704889331457	large	1.07e-60	59.9706162223148
VANISH	Cryptobacteroides pr_cl_2753	0.0583765570030144	389	61.0675039246468	0.00904222471773481	12	8.88888888888889	0.154894793080515	-2.69063944735884	0.56690608315155	large	2.38e-54	53.6234230429435
VANISH	Cryptobacteroides pr_cl_2754	0.0123233129488538	111	17.425431711146	0.000126241590082598	1	0.740740740740741	0.010244127582132	-6.60905906404191	0.615384471293416	large	7.44e-64	63.1284270644541
VANISH	Cryptobacteroides pr_cl_2755	0.366554262859435	522	81.9466248037677	4.76534146032158e-05	0	0	0.000130003711405451	-12.9091595689895	0.656805482723861	large	1.36e-72	71.8664610916298
VANISH	Cryptobacteroides pr_cl_45	0.0141543925586676	70	10.989010989011	1.1091840300321e-05	0	0	0.000783632378030156	-10.3175353716089	0.581787602558559	large	3.48e-57	56.4584207560534
VANISH	Cryptobacteroides pr_cl_47	0.147780342397826	417	65.4631083202512	7.1132249859119e-06	0	0	4.81337698268627e-05	-14.3425910551329	0.654833798764572	large	3.66e-72	71.4365189146056
VANISH	Cutibacterium pr_cl_3421	0.101238235566217	70	10.989010989011	0.0075537257707922	53	39.2592592592593	0.0746133684427118	-3.74442204913178	0.409140069837707	moderate	9.18e-29	28.0371573187988
VANISH	DTU024 pr_cl_1124	0.0471479396267195	245	38.4615384615385	5.14550246946516e-05	0	0	0.00109135256178811	-9.83966704461702	0.645570013812996	large	3.64e-70	69.4388986163509
VANISH	DTU024 pr_cl_1126	0.026025511949888	160	25.1177394034537	2.03031609373776e-05	0	0	0.000780125323815773	-10.3240064741335	0.649466436875399	large	5.3e-71	70.2757241303992
VANISH	DUUL01 pr_cl_2516	1.02127879944182	366	57.4568288854003	6.0151977733335e-06	0	0	5.88986844397545e-06	-17.3733331589261	0.652783873378328	large	1.02e-71	70.9913998282381
VANISH	Denitrobacterium pr_cl_3182	0.0666676803632881	71	11.1459968602826	1.05775340511859e-05	0	0	0.000158660598262103	-12.6217684854638	0.594587900008542	large	1.1e-59	58.9586073148418
VANISH	Desulfobulbus pr_cl_3434	4.28976133427757	617	96.8602825745683	0.00370458707808236	11	8.14814814814815	0.000863588155471648	-10.1773689233121	0.658166883552893	large	6.9e-73	72.1611509092628
VANISH	Desulfomicrobium pr_cl_3430	2.04782536718329	550	86.3422291993721	0.000275553087665167	0	0	0.000134558879912783	-12.8594747779921	0.657321876141769	large	1.06e-72	71.9746941347352
VANISH	Desulfovibrio pr_cl_3435	0.131117495517723	336	52.7472527472528	0.000334250405333578	2	1.48148148148148	0.00254924336385298	-8.61571517765568	0.644052130130052	large	7.68e-70	69.1146387799685
VANISH	Desulfovibrio pr_cl_3436	0.00554816269414771	38	5.96546310832025	0.000122063191869418	1	0.740740740740741	0.0220006511341444	-5.50630996720207	0.633364351207878	large	1.4e-67	66.8538719643218
VANISH	Desulfovibrionales pr_cl_1128	0.103681877972334	244	38.3045525902669	6.29319651644143e-07	0	0	6.0697169452512e-06	-17.3299393298126	0.649763754297831	large	4.57e-71	70.3400837999302
VANISH	Dysgonomonadaceae pr_cl_1840	0.552849931271604	330	51.8053375196232	1.24557795957301e-05	0	0	2.25301277818389e-05	-15.4377849784532	0.646978359498202	large	1.81e-70	69.7423214251308
VANISH	Eggerthia pr_cl_1646	0.0345932700605852	318	49.9215070643642	0.000991483692060553	6	4.44444444444444	0.0286611728328692	-5.12475854299588	0.608953025997642	large	1.5e-62	61.8239087409443
BloSSUM	Eikenella pr_cl_2812	0.032391321880993	155	24.3328100470958	0.061438146250412	115	85.1851851851852	1.89674711257966	0.923527341507639	0.468744388892699	moderate	1.81e-37	36.7423214251308
BloSSUM	Eikenella pr_cl_2818	0.0039590221172286	49	7.69230769230769	0.0246973123704599	66	48.8888888888889	6.2382355135082	2.64113802013054	0.432268235645866	moderate	5.3e-32	31.2757241303992
BloSSUM	Eikenella pr_cl_2819	0.114451068009319	383	60.1255886970173	0.182148622225408	133	98.5185185185185	1.59149779371719	0.67038515697668	0.512496994846429	large	1.34e-44	43.8728952016352
BloSSUM	Eubacterium_B pr_cl_1263	0.0186228031006219	239	37.519623233909	0.0191174867087399	39	28.8888888888889	1.02656332698386	0.0378226276487042	0.309867347316081	moderate	7.5e-17	16.1249387366083
VANISH	Eubacterium_B pr_cl_1271	0.842080334163729	575	90.2668759811617	1.5393741152442e-05	0	0	1.82806087826877e-05	-15.7393263584642	0.660435884934614	large	2.2e-73	72.6575773191778
VANISH	Eubacterium_N pr_cl_1228	0.354329523454032	491	77.0800627943485	0.000199168369981152	0	0	0.000562099279900932	-10.7968874128558	0.654426943344402	large	4.49e-72	71.3477536589967
VANISH	Eubacterium_N pr_cl_1229	0.370378861759064	521	81.7896389324961	0.00159353435733315	10	7.40740740740741	0.00430244412374097	-7.86062782869534	0.631689984671022	large	3.16e-67	66.5003129173816
VANISH	Evtepia pr_cl_3561	0.077030485119039	94	14.756671899529	0.000102115404790606	1	0.740740740740741	0.00132564924955103	-9.55908517804381	0.622942593137354	large	2.08e-65	64.6819366650373
VANISH	Evtepia pr_cl_3893	0.276097549776162	131	20.5651491365777	0.00014975656220114	0	0	0.000542404531740868	-10.8483431474381	0.629984321563384	large	7.2e-67	66.1426675035687
VANISH	F0058 pr_cl_947	0.0555077201809004	412	64.6781789638933	0.00227622163503138	12	8.88888888888889	0.0410072982210968	-4.60797549540069	0.589736931537277	large	9.9e-59	58.0043648054025
BloSSUM	Fen-668 pr_cl_3844	0.0165860713163551	52	8.16326530612245	0.0223484079383093	6	4.44444444444444	1.34742022459966	0.430199859262425	0.566280151735903	large	3.13e-54	53.5044556624536
VANISH	Fen-668 pr_cl_3845	0.0164205963300236	8	1.25588697017268	5.28056004281962e-05	0	0	0.00321581502686634	-8.28059985933223	0.402489548546456	moderate	7.26e-28	27.1390633792999
VANISH	Filifactor pr_cl_1806	0.17761723329558	533	83.6734693877551	0.0351457868932847	72	53.3333333333333	0.197873743674394	-2.33734790435043	0.477648263280278	moderate	7.2e-39	38.1426675035687
VANISH	Flexilinea pr_cl_3282	0.078944891215086	310	48.6656200941915	4.45142067304576e-05	0	0	0.000563864311487595	-10.7923643458183	0.660169864082964	large	2.51e-73	72.600326278519
VANISH	Flexilinea pr_cl_3283	0.284880758332952	454	71.2715855572998	0.00024527247325643	0	0	0.000860965390192377	-10.1817571354249	0.64909087802601	large	6.36e-71	70.1965428843516
VANISH	Flexilinea pr_cl_3285	2.7082992714417	609	95.6043956043956	0.00111939684417416	8	5.92592592592593	0.000413320956061948	-11.2404498669374	0.658542442402281	large	5.71e-73	72.2433638917542
VANISH	Flexilinea pr_cl_3286	0.274959248704465	563	88.3830455259027	0.000431543635759897	1	0.740740740740741	0.00156948216069551	-9.31549565384489	0.654677315910661	large	3.96e-72	71.4023048140745
VANISH	Flexilinea pr_cl_3287	0.305166728017741	189	29.6703296703297	1.87818668357462e-06	0	0	6.15462470556564e-06	-17.3098976820583	0.658339014692196	large	6.3e-73	72.2006594505464
VANISH	Fretibacterium pr_cl_667	0.284261187210558	542	85.0863422291994	0.0132351840107376	35	25.9259259259259	0.0465599406679959	-4.42476696997446	0.580363608587962	large	6.54e-57	56.1844222516757
VANISH	Fretibacterium pr_cl_669	0.0311843072260647	411	64.5211930926217	0.0018470165172419	13	9.62962962962963	0.05922903798543	-4.07755153610713	0.590785366658486	large	6.18e-59	58.2090115249112
VANISH	Fretibacterium pr_cl_670	0.227874076289655	562	88.2260596546311	0.00853944716507496	41	30.3703703703704	0.0374744126410426	-4.73795032364951	0.601973890713177	large	3.79e-61	60.4213607900319
VANISH	Fretibacterium pr_cl_671	0.0529464093980472	427	67.032967032967	0.00227487754084821	13	9.62962962962963	0.0429656621990331	-4.54067205938947	0.59895377163268	large	1.51e-60	59.8210230527068
BloSSUM	Fusobacterium pr_cl_1663	0.0080541834697188	59	9.26216640502355	0.0430516829389342	68	50.3703703703704	5.34525729402552	2.41825939376069	0.410892677801518	moderate	5.3e-29	28.2757241303992
BloSSUM	Fusobacterium pr_cl_1692	0.0109953864112728	128	20.094191522763	0.129001305194386	132	97.7777777777778	11.7323121143	3.55241545157248	0.643848702419966	large	8.46e-70	69.072629636961
BloSSUM	Fusobacterium pr_cl_1720	0.00924172580458478	124	19.4662480376766	0.236090441246616	129	95.5555555555556	25.5461421642149	4.67503353474757	0.62953052128704	large	8.94e-67	66.0486624812041
BloSSUM	Fusobacterium pr_cl_1723	0.00971108320099183	118	18.5243328100471	0.164716249372814	128	94.8148148148148	16.961676258318	4.08420684792889	0.616698927266275	large	4e-64	63.397940008672
BloSSUM	Fusobacterium pr_cl_1732	0.0698882897172992	230	36.1067503924647	0.181964519284958	121	89.6296296296296	2.60364819372475	1.38053452398079	0.470152734577905	moderate	1.09e-37	36.9625735020594
BloSSUM	Fusobacterium pr_cl_1733	0.00855417053477205	80	12.5588697017268	0.0316345337691565	92	68.1481481481482	3.69814158375316	1.88680045953616	0.483109514881799	moderate	9.66e-40	39.0150228735845
BloSSUM	Fusobacterium pr_cl_1736	0.0332395896999651	244	38.3045525902669	0.567812730400828	134	99.2592592592593	17.0824229638859	4.09444071563403	0.648214574044105	large	9.84e-71	70.0070049015687
BloSSUM	Fusobacterium pr_cl_1741	0.00180018715989433	13	2.04081632653061	0.0409477093556232	88	65.1851851851852	22.746362304921	4.50756393671402	0.597467184520518	large	2.98e-60	59.5257837359238
BloSSUM	GN02-872 pr_cl_1818	0.000788241858279652	7	1.0989010989011	0.0437008719618586	46	34.0740740740741	55.4409430339519	5.79287989238476	0.48591055796682	moderate	3.43e-40	39.4647058799572
BloSSUM	GN02-872 pr_cl_1819	0.0232599141554913	154	24.1758241758242	0.221068902127814	97	71.8518518518519	9.50428710312427	3.24857841736737	0.386512649162065	moderate	9.18e-26	25.0371573187988
VANISH	Gemella pr_cl_1959	0.221605298098068	400	62.7943485086342	0.214664277160059	131	97.037037037037	0.96867845219595	-0.0459102449411618	0.44017061976841	moderate	3.77e-33	32.4236586497942
BloSSUM	Gemella pr_cl_1977	0.000298164575131751	2	0.313971742543171	0.173207253590697	43	31.8518518518519	580.911577152186	9.18217477179988	0.558800271318921	large	7.8e-53	52.1079053973095
BloSSUM	Gemella pr_cl_1992	0.0014418729020047	7	1.0989010989011	0.147749445569315	113	83.7037037037037	102.470505801095	6.67906490674761	0.648464946610363	large	8.7e-71	70.0604807473814
BloSSUM	Granulicatella pr_cl_2017	0.0204679781995184	166	26.0596546310832	0.1578587398051	132	97.7777777777778	7.71247351674502	2.94719363031376	0.636243635719854	large	3.49e-68	67.4571745730408
VANISH	Granulicatella pr_cl_2019	0.0151335136445677	112	17.5824175824176	0.00731017138880285	47	34.8148148148148	0.483045217422253	-1.04976985013799	0.309037988190349	moderate	9.18e-17	16.0371573187988
VANISH	H1 pr_cl_1227	0.289995450925771	371	58.2417582417583	9.74509128641473e-05	0	0	0.000336042901890525	-11.5390669489455	0.605416513499236	large	7.74e-62	61.1112590393171
BloSSUM	HOT-345 pr_cl_2735	0.0133475482594951	128	20.094191522763	0.137660221747639	98	72.5925925925926	10.3135211854141	3.36646506866458	0.41649476397156	moderate	8.94e-30	29.0486624812041
BloSSUM	Haemophilus pr_cl_3044	0.000632906836579986	2	0.313971742543171	0.0486662466029824	110	81.4814814814815	76.8932231257895	6.26478454881383	0.658417256119152	large	6.06e-73	72.2175273758337
BloSSUM	Haemophilus pr_cl_3047	0.000258120779943851	0	0	0.057707250561257	29	21.4814814814815	223.566853369225	7.80456249591351	0.613428435619519	large	1.86e-63	62.7304870557821
BloSSUM	Haemophilus_A pr_cl_3079	0.000253079910969356	0	0	0.0652217861642469	59	43.7037037037037	257.712221860802	8.00961714761587	0.581474636850736	large	4e-57	56.397940008672
BloSSUM	Haemophilus_D pr_cl_2989	0.000424680195016668	1	0.156985871271586	0.0443677375456086	104	77.037037037037	104.473290881547	6.70699034702911	0.655381488753264	large	2.78e-72	71.5559552040819
BloSSUM	Haemophilus_D pr_cl_2994	0.000842981312287629	2	0.313971742543171	0.0458205742718391	105	77.7777777777778	54.3553855867744	5.7643510809109	0.653237673654672	large	8.1e-72	71.0915149811214
BloSSUM	Haemophilus_D pr_cl_3005	0.000216989418156146	0	0	0.0644557646790743	71	52.5925925925926	297.045658847252	8.21454089430134	0.650953023987561	large	2.53e-71	70.5968794788242
BloSSUM	Haemophilus_D pr_cl_3006	0.00656041865279515	57	8.94819466248038	0.744311989523451	133	98.5185185185185	113.454952940591	6.82597578183349	0.656883724150817	large	1.31e-72	71.8827287043442
BloSSUM	Haemophilus_D pr_cl_3019	0.00219318507593821	17	2.66875981161695	0.0638193344793781	124	91.8518518518519	29.0989279379796	4.86289409726316	0.653159432227716	large	8.46e-72	71.072629636961
VANISH	Hornefia pr_cl_1252	0.154772778936078	479	75.1962323390895	0.0105389001115448	16	11.8518518518519	0.0680927239530758	-3.87635554245705	0.58897016555311	large	1.4e-58	57.8538719643218
VANISH	Hornefia pr_cl_1256	3.9574559284929	621	97.4882260596546	0.00196965537869697	21	15.5555555555556	0.000497707470224959	-10.9724143385751	0.659246615244884	large	4e-73	72.397940008672
VANISH	Hornefia pr_cl_1257	0.132577669055906	441	69.2307692307692	0.000108248656591248	0	0	0.000816492380369134	-10.2582729571488	0.658354662977587	large	6.3e-73	72.2006594505464
VANISH	JAAYOA01 pr_cl_1218	0.878245961679778	503	78.9638932496075	2.06133614205967e-05	0	0	2.34710574486111e-05	-15.3787576329379	0.659105780676364	large	4.3e-73	72.3665315444204
VANISH	JAAZPT01 pr_cl_3425	0.989880797334356	502	78.806907378336	0.000106138358647625	0	0	0.000107223373696554	-13.1870929453919	0.644521578691787	large	6.12e-70	69.2132485778545
BloSSUM	JABCPE02 pr_cl_906	0.013856979001968	154	24.1758241758242	0.0592383072610248	132	97.7777777777778	4.27497993989972	2.09591765024998	0.618576721513216	large	1.65e-64	63.7825160557861
BloSSUM	JABCPE02 pr_cl_914	0.0019392077871126	15	2.35478806907378	0.0201459055145757	67	49.6296296296296	10.3887296907838	3.37694735058769	0.576920985801904	large	3e-56	55.5228787452803
BloSSUM	JABCPE02 pr_cl_921	0.00134024964828718	5	0.784929356357928	0.0221874129495613	51	37.7777777777778	16.5546866420868	4.04916779760741	0.563854667500271	large	8.94e-54	53.0486624812041
BloSSUM	JABCPE02 pr_cl_924	0.00384671780683819	43	6.75039246467818	0.0545185204549792	120	88.8888888888889	14.1727371729903	3.82504650695766	0.624632607959601	large	9.3e-66	65.0315170514461
BloSSUM	JABCPE02 pr_cl_925	0.0180895177111587	142	22.2919937205651	0.0957071533018611	127	94.0740740740741	5.29075207145091	2.40347281357424	0.584635590499754	large	9.78e-58	57.0096611452124
BloSSUM	JABCPH02 pr_cl_1754	0.00183788004836055	14	2.1978021978022	0.014574739023485	89	65.9259259259259	7.93019056738014	2.98735553519923	0.621049150605022	large	5.12e-65	64.2907300390242
VANISH	JAIKWW01 pr_cl_1251	0.0786850085316304	432	67.817896389325	0.00032161942112638	1	0.740740740740741	0.00408742944975462	-7.93459045518104	0.650248851144958	large	3.59e-71	70.4449055514217
VANISH	Johnsonella pr_cl_2618	0.0707814745277342	380	59.6546310832025	0.00066214163319453	6	4.44444444444444	0.00935473070619747	-6.74008816133236	0.55147687375585	large	1.74e-51	50.7594507517174
VANISH	Johnsonella pr_cl_2621	0.046909431478634	242	37.9905808477237	0.00190907764498846	21	15.5555555555556	0.040697096187533	-4.61893033054856	0.337361384748379	moderate	7.92e-20	19.1012748184105
VANISH	Johnsonella pr_cl_2634	0.332263873895863	526	82.574568288854	0.0593526464412248	59	43.7037037037037	0.17863105532751	-2.48494517751784	0.420062573040748	moderate	2.86e-30	29.543633966871
VANISH	Johnsonella pr_cl_2635	0.701588745378184	565	88.6970172684459	0.0264632330049263	16	11.8518518518519	0.0377190101455541	-4.7285643736991	0.601034993589707	large	5.83e-61	60.234331445241
BloSSUM	Kingella_A pr_cl_2833	0.0390159621537112	183	28.7284144427002	0.130147785712162	108	80	3.33575743177675	1.73801438329808	0.383492530081568	moderate	2.24e-25	24.6497519816658
BloSSUM	Kingella_B pr_cl_2826	0.000914096963905376	9	1.41287284144427	0.0141766498213464	92	68.1481481481482	15.5089124908349	3.95502562077868	0.623177317418222	large	1.87e-65	64.7281583934635
BloSSUM	Kingella_B pr_cl_2827	0.00239588601273403	20	3.13971742543171	0.843214572631189	134	99.2592592592593	351.942691826548	8.45919671821491	0.658839759824714	large	4.91e-73	72.308918507877
BloSSUM	Kingella_B pr_cl_2831	0.00190232733197206	11	1.72684458398744	0.0219588158549186	47	34.8148148148148	11.5431321864859	3.5289628419883	0.536391926638756	large	9.24e-49	48.0343280287799
BloSSUM	Kingella_B pr_cl_2832	0.00458046747419324	34	5.33751962323391	0.0221002733267099	59	43.7037037037037	4.82489471898333	2.270497462576	0.489290587611314	moderate	9.72e-41	40.0123337350737
BloSSUM	Lachnoanaerobaculum pr_cl_2565	0.013355985544228	217	34.0659340659341	0.25142095297942	110	81.4814814814815	18.8245900796199	4.23454654429779	0.43591428614201	moderate	7.89e-33	32.1029229967906
BloSSUM	Lachnoanaerobaculum pr_cl_2580	0.00202641257589097	10	1.56985871271586	0.0232274922260486	55	40.7407407407407	11.4623707444354	3.51883356023105	0.367390444414047	moderate	2.33e-23	22.632644078974
BloSSUM	Lachnoanaerobaculum pr_cl_2585	0.00405768528034619	47	7.37833594976452	0.0242740076494632	77	57.037037037037	5.98223025502663	2.58068344061307	0.350897151611747	moderate	1.1e-21	20.9586073148418
VANISH	Lachnoanaerobaculum pr_cl_2603	0.00803329294269469	98	15.3846153846154	0.00061624189961502	5	3.7037037037037	0.0767109956042892	-3.70442280413494	0.315751102623164	moderate	9.09e-18	17.041436116778
VANISH	Lachnoanaerobaculum pr_cl_2608	0.0136337116818352	152	23.861852433281	0.000172568261641847	0	0	0.012657467435795	-6.30386741718234	0.537189989193706	large	6.66e-49	48.1765257708297
VANISH	Lachnoanaerobaculum pr_cl_2609	0.0734428932993769	349	54.7880690737834	0.0120694175183455	19	14.0740740740741	0.164337446090893	-2.60526684324049	0.531760034162967	large	6.12e-48	47.2132485778544
VANISH	Lachnoanaerobaculum pr_cl_2610	0.011704076217574	156	24.4897959183673	0.00609708511321683	20	14.8148148148148	0.520936894110608	-0.940819478751843	0.365575243308671	moderate	1.94e-23	22.7121982700698
VANISH	Lachnoanaerobaculum pr_cl_2715	0.136790018101401	460	72.2135007849294	0.00170321830272067	5	3.7037037037037	0.0124513347272028	-6.32755578875811	0.644505930406396	large	6.12e-70	69.2132485778545
VANISH	Lachnospiraceae pr_cl_2631	0.0326513431169658	333	52.276295133438	9.5641294976268e-05	0	0	0.00292916878284778	-8.41529295892112	0.635664649160381	large	4.61e-68	67.3362990746104
VANISH	Lautropia pr_cl_3449	0.0964320913497643	245	38.4615384615385	0.00275714687548993	26	19.2592592592593	0.0285915905887555	-5.1282653085018	0.300447079510593	moderate	6.9e-16	15.1611509092627
BloSSUM	Lautropia pr_cl_3450	0.822762906631827	500	78.4929356357928	2.07233380171826	132	97.7777777777778	2.51874967261449	1.33270774612001	0.42647837005113	moderate	3.56e-31	30.4485500020271
VANISH	Lentihominibacter pr_cl_1261	0.245139356305294	353	55.4160125588697	5.6505232330354e-06	0	0	2.30502491244135e-05	-15.4048581312176	0.656508165301428	large	1.58e-72	71.8013429130456
BloSSUM	Leptotrichia pr_cl_1759	0.000469146805276702	0	0	0.00481703590759984	37	27.4074074074074	10.2676515185023	3.36003433203915	0.505157948997967	large	1.16e-43	42.9355420107731
BloSSUM	Leptotrichia pr_cl_1760	0.00131952364367802	8	1.25588697017268	0.0294436741945942	62	45.9259259259259	22.3138663226401	4.47986860583508	0.485801019969081	moderate	1.79e-40	39.7471469690201
BloSSUM	Leptotrichia pr_cl_1761	0.000352245091396009	0	0	0.00287720007089408	33	24.4444444444444	8.16817648044784	3.03001403721429	0.464597593264037	moderate	3.99e-37	36.3990271043133
BloSSUM	Leptotrichia pr_cl_1763	0.00535749608869608	68	10.6750392464678	0.0733417361269898	108	80	13.6895547682686	3.77500362080704	0.584885963066012	large	8.76e-58	57.0574958938319
BloSSUM	Leptotrichia pr_cl_1767	0.00292845288991602	28	4.3956043956044	0.0355432466216946	67	49.6296296296296	12.1372096317772	3.60136487619148	0.401628892849942	moderate	4.74e-28	27.3242216583259
BloSSUM	Leptotrichia pr_cl_1768	0.00349050660771409	37	5.80847723704867	0.20209395023481	108	80	57.8981715113156	5.85544588190651	0.607544680312436	large	2.89e-62	61.5391021572435
BloSSUM	Leptotrichia pr_cl_1769	0.0596088630393978	315	49.4505494505495	0.351348685170921	119	88.1481481481482	5.89423564309055	2.55930473849423	0.344590892599103	moderate	5.97e-21	20.2240256688706
BloSSUM	Leptotrichia pr_cl_1770	0.00249862628191049	26	4.08163265306122	0.0449860912682982	90	66.6666666666667	18.0043296566548	4.17027198050146	0.511432911439829	large	2.03e-44	43.6925039620868
BloSSUM	Leptotrichia pr_cl_1771	0.00397557041588529	44	6.90737833594976	0.0374415652367435	97	71.8518518518519	9.41791021664143	3.23540696912039	0.500588649663743	large	6.75e-43	42.170696227169
BloSSUM	Leptotrichia pr_cl_1772	0.00854935930233152	95	14.9136577708006	0.2431737620628	122	90.3703703703704	28.443507105437	4.83002745617653	0.607309956031569	large	3.22e-62	61.4921441283042
BloSSUM	Leptotrichia pr_cl_1774	0.00591183126072481	70	10.989010989011	0.119549993709338	108	80	20.2221593338712	4.33786515216474	0.5549351448273	large	4.03e-52	51.3946949538589
BloSSUM	Leptotrichia pr_cl_1775	0.000876590573419119	5	0.784929356357928	0.020943472582009	76	56.2962962962963	23.8919664631112	4.57845369668594	0.518975384998376	large	7.08e-46	45.1499667423102
BloSSUM	Leptotrichia pr_cl_1776	0.012468760277504	120	18.8383045525903	0.130738087830886	108	80	10.4852515343295	3.39028956604787	0.534435890964859	large	2.05e-48	47.6882461389443
BloSSUM	Leptotrichia_A pr_cl_1781	0.0287568808207634	216	33.9089481946625	0.168026670511563	119	88.1481481481482	5.84300750692831	2.54671114281732	0.508037233509944	large	7.62e-44	43.1180450286604
BloSSUM	Leptotrichia_A pr_cl_1785	0.0863148624453104	405	63.5792778649921	0.321039692480853	128	94.8148148148148	3.71940223717863	1.89507077758232	0.477210111289325	moderate	8.46e-39	38.072629636961
BloSSUM	Leptotrichia_A pr_cl_1795	0.0122510718170452	150	23.5478806907378	0.063895582981911	119	88.1481481481482	5.2155096252894	2.38280823030122	0.58843812384981	large	1.78e-58	57.7495799976911
VANISH	Limimorpha pr_cl_754	0.136224655624931	249	39.0894819466248	3.05893493440182e-05	0	0	0.000224550755541935	-12.1206708032134	0.651359879407731	large	2.07e-71	70.6840296545431
VANISH	MWCO01 pr_cl_6	0.36320058739543	470	73.7833594976452	9.55829967948434e-06	0	0	2.63168618421805e-05	-15.2136530094764	0.659168373817928	large	4.16e-73	72.3809066693733
VANISH	Marinifilaceae pr_cl_578	0.0362204662336016	217	34.0659340659341	2.6579964044775e-05	0	0	0.000733838263520663	-10.4122502485358	0.647572994343066	large	1.35e-70	69.869666231505
VANISH	Methanobacteriaceae pr_cl_1190	0.723706494663458	206	32.3390894819466	3.53497788640387e-07	0	0	4.88454630775108e-07	-20.9652720979144	0.654192219063534	large	5.05e-72	71.2967086218813
VANISH	Methanobrevibacter_A pr_cl_1187	1.66178502756896	513	80.5337519623234	1.57240506610605e-07	0	0	9.46214486242141e-08	-23.3332575108791	0.659622174094272	large	3.31e-73	72.4801720062243
VANISH	Methanobrevibacter_A pr_cl_1188	2.54543248580314	460	72.2135007849294	3.53325707275761e-05	0	0	1.3880773080661e-05	-16.1365525543177	0.65240831452894	large	1.23e-71	70.9100948885606
VANISH	Methanobrevibacter_A pr_cl_1189	0.20198673426111	317	49.7645211930926	1.49937006005194e-05	0	0	7.423111550057e-05	-13.7176164254785	0.658542442402281	large	5.71e-73	72.2433638917542
VANISH	Methanomethylophilus pr_cl_3192	0.52539760829688	356	55.8869701726845	6.40514544618672e-06	0	0	1.21910441635803e-05	-16.3238187762797	0.594744382862454	large	1.03e-59	58.9871627752948
VANISH	Mogibacterium pr_cl_1231	0.3907434039019	329	51.6483516483517	0.0150529291042005	19	14.0740740740741	0.0385238213975833	-4.69810537034478	0.500025311389661	large	1.67e-42	41.7772835288524
VANISH	Mogibacterium pr_cl_1237	0.0780403172546074	254	39.8744113029827	0.000172328355925027	1	0.740740740740741	0.00220819650646478	-8.82291572201718	0.640030520784519	large	5.51e-69	68.2588484011482
VANISH	Nanoperiomorbus pr_cl_11	0.0147788539071217	70	10.989010989011	0.000190753245958881	1	0.740740740740741	0.0129071744776474	-6.27568297636698	0.592850940330121	large	2.43e-59	58.6143937264017
VANISH	Nanoperiomorbus pr_cl_30	0.0142061541172475	196	30.7692307692308	0.00637939984165041	14	10.3703703703704	0.44905889299802	-1.15502343151451	0.522464952640608	large	2.59e-46	45.5867002359188
VANISH	Nanosynbacter pr_cl_321	0.0696115241495378	351	55.1020408163265	0.000210700480147368	0	0	0.00302680458044198	-8.36798875119742	0.631064053255375	large	4.27e-67	66.369572124975
VANISH	Nanosynbacter pr_cl_323	0.0349017736478217	58	9.10518053375196	5.14783686865827e-05	0	0	0.00147494993251713	-9.40511830194029	0.606574486618183	large	4.53e-62	61.3439017979872
VANISH	Nanosynbacter pr_cl_449	0.0183849256964047	140	21.978021978022	0.000682093728117118	5	3.7037037037037	0.037100706273211	-4.7524095385847	0.499180303978538	moderate	2.31e-42	41.6363880201079
VANISH	Nanosynbacter pr_cl_450	0.033273662470683	139	21.8210361067504	0.000463711368952408	2	1.48148148148148	0.0139362887797812	-6.16500976571657	0.512371808563299	large	1.4e-44	43.8538719643218
VANISH	Nanosynbacter pr_cl_452	0.0228781317599852	140	21.978021978022	0.000372151326694612	3	2.22222222222222	0.016266683424978	-5.94193605640935	0.518881495286029	large	1.08e-45	44.9665762445131
VANISH	Nanosynbacter pr_cl_453	0.0326617607769631	297	46.6248037676609	0.0194294618151489	51	37.7777777777778	0.594868780891103	-0.749356628207147	0.325531280992649	moderate	1.63e-18	17.787812395596
VANISH	Nanosynbacter pr_cl_458	0.00568441677131391	74	11.6169544740973	0.0056675760475464	15	11.1111111111111	0.997037387572899	-0.0042804901087436	0.326063322695949	moderate	1.42e-18	17.8477116556169
VANISH	Nanosynbacter pr_cl_463	0.00341143106985601	29	4.55259026687598	0.000283529033242514	1	0.740740740740741	0.0831114647890222	-3.58880868686577	0.475551393037861	moderate	1.55e-38	37.8096683018297
VANISH	Nanosynbacter pr_cl_464	0.00654146865706455	88	13.8147566718995	0.000863520539829626	7	5.18518518518519	0.13200713556841	-2.92131217916027	0.456037981155063	moderate	1.63e-35	34.787812395596
VANISH	Nanosynbacter pr_cl_486	0.0256170788420955	304	47.723704866562	0.00120369821706222	15	11.1111111111111	0.0469881138470881	-4.41156033218821	0.567187752288592	large	2.11e-54	53.6757175447023
VANISH	Nanosynbacter pr_cl_490	0.0701259464452106	292	45.839874411303	0.00062965497938519	6	4.44444444444444	0.00897891595484048	-6.79924300906998	0.607951535732607	large	2.39e-62	61.6216020990519
VANISH	Nanosynbacter pr_cl_491	0.0174697485234491	150	23.5478806907378	0.000176342202036172	1	0.740740740740741	0.0100941465642435	-6.6303372503368	0.627903099606357	large	1.95e-66	65.7099653886375
VANISH	Nanosynbacter pr_cl_492	0.0975351985154525	345	54.160125588697	0.000934357504782762	11	8.14814814814815	0.00957969552535162	-6.70580448162818	0.602818898124301	large	2.57e-61	60.5900668766687
VANISH	Nanosynbacter pr_cl_498	0.0619975658731363	327	51.3343799058085	0.000732449196404554	6	4.44444444444444	0.0118141605414532	-6.40333906792876	0.601786111288483	large	4.13e-61	60.3840499483436
VANISH	Nanosynbacter pr_cl_499	0.0300898810784726	302	47.4097331240188	0.00300646805869389	13	9.62962962962963	0.099916249281717	-3.32313686859576	0.566217558594339	large	3.21e-54	53.4934949675951
VANISH	Nanosynbacter pr_cl_510	0.131968176826122	315	49.4505494505495	0.000905876299030687	7	5.18518518518519	0.00686435412549685	-7.18666030264053	0.574620687849401	large	8.22e-56	55.08512818246
VANISH	Nanosyncoccus pr_cl_201	0.0760696112716724	328	51.4913657770801	0.000257588649562494	3	2.22222222222222	0.00338622276696736	-8.20610739878013	0.610768227103019	large	6.42e-63	62.1924649719312
VANISH	Nanosyncoccus pr_cl_269	1.01599590968795	450	70.6436420722135	0.000323501509357385	0	0	0.000318408279278157	-11.6168345301056	0.652658687095199	large	1.09e-71	70.9625735020594
BloSSUM	Neisseria pr_cl_2848	0.00803156254077926	109	17.1114599686028	0.175281425324558	98	72.5925925925926	21.8240752574095	4.44784861931188	0.518067784445688	large	1.49e-45	44.8268137315877
BloSSUM	Neisseria pr_cl_2850	0.00623675754367171	74	11.6169544740973	0.100656587651115	85	62.962962962963	16.1392497537841	4.01250161020366	0.473438874510052	moderate	3.34e-38	37.4762535331884
BloSSUM	Neisseria pr_cl_2852	0.00876125121011463	106	16.6405023547881	0.0599688551660527	112	82.962962962963	6.8447820668377	2.77500460779468	0.534295056396338	large	2.17e-48	47.6635402661515
BloSSUM	Neisseria pr_cl_2875	0.0255013203599432	153	24.0188383045526	0.17025980169877	88	65.1851851851852	6.67650926679897	2.73909400393112	0.363274945356168	moderate	7.38e-23	22.131943638177
BloSSUM	Neisseria pr_cl_2876	0.0483999474484518	214	33.5949764521193	0.368085031596801	126	93.3333333333333	7.60507089369939	2.92696169666928	0.532949303852697	large	3.76e-48	47.4248121550723
VANISH	Neisseria pr_cl_2880	0.00220258349733676	22	3.45368916797488	0.00165783996566941	19	14.0740740740741	0.752679736170715	-0.409891963487601	0.312824873255014	moderate	3.7e-17	16.431798275933
BloSSUM	Neisseria pr_cl_2887	0.0757583734484753	212	33.2810047095761	0.127763714248516	108	80	1.68646327043189	0.754000898170567	0.305767496543593	moderate	1.99e-16	15.7011469235903
BloSSUM	Neisseria pr_cl_2888	0.100375225382871	253	39.7174254317111	0.43436558087405	123	91.1111111111111	4.32741823709195	2.11350656134666	0.41902978620493	moderate	3.98e-30	29.4001169279263
BloSSUM	Neisseria pr_cl_2896	0.313884995673447	364	57.1428571428571	1.56324226450472	132	97.7777777777778	4.9803026141812	2.31623340629224	0.528505190801603	large	2.29e-47	46.6401645176601
BloSSUM	Neisseria pr_cl_2899	0.0128733404482394	67	10.5180533751962	0.0153758895772366	42	31.1111111111111	1.19439780522075	0.256283419546867	0.400689995726471	moderate	1.27e-27	26.896196279044
BloSSUM	Neisseria pr_cl_2901	0.017519446736962	59	9.26216640502355	0.113227088100348	79	58.5185185185185	6.4629374317777	2.69219002483557	0.488805490764187	moderate	1.16e-40	39.9355420107731
VANISH	Olegusella pr_cl_3409	0.0133010190096059	103	16.1695447409733	3.96337968170243e-06	0	0	0.000297975642230126	-11.7125179759427	0.639561072222784	large	6.9e-69	68.1611509092627
VANISH	Olsenella pr_cl_3217	0.144021645236189	374	58.712715855573	0.00218280294501893	7	5.18518518518519	0.0151560756123792	-6.04395994731399	0.602646766984998	large	2.78e-61	60.5559552040819
VANISH	Olsenella_F pr_cl_3210	1.17337930743351	596	93.563579277865	0.0735881445648933	81	60	0.0627147113458565	-3.99505228588295	0.508115474936899	large	7.38e-44	43.131943638177
VANISH	Olsenella_F pr_cl_3211	0.0426188492389974	219	34.3799058084772	0.000121460981746126	0	0	0.00284993574239883	-8.45485489351371	0.625665394795419	large	5.69e-66	65.2448877336049
VANISH	Olsenella_F pr_cl_3212	1.59167994432333	604	94.8194662480377	0.00815216073091301	50	37.037037037037	0.00512173365002644	-7.60915205550206	0.635633352589598	large	4.69e-68	67.3288271572849
VANISH	Olsenella_F pr_cl_3214	0.017396799004893	44	6.90737833594976	4.49178653526013e-05	0	0	0.00258196150567514	-8.59731679291921	0.63179952266876	large	2.99e-67	66.5243288116756
VANISH	Ottowia pr_cl_3481	0.248979336205862	147	23.0769230769231	0.0031706216543489	7	5.18518518518519	0.0127344770962332	-6.29511646896587	0.431704897371783	moderate	6.36e-32	31.1965428843516
VANISH	Ottowia pr_cl_3482	2.97064588336172	538	84.458398744113	0.270064425978909	86	63.7037037037037	0.0909110128176204	-3.45940111895274	0.314061087800917	moderate	2.74e-17	16.5622494371796
VANISH	PJMF01 pr_cl_49	0.12758384997291	254	39.8744113029827	1.62224673439271e-07	0	0	1.27151417263013e-06	-19.5850210265496	0.63298879235849	large	1.69e-67	66.7721132953863
VANISH	PJMF01 pr_cl_50	0.144181607873693	338	53.0612244897959	9.54898581231936e-05	0	0	0.000662288758818985	-10.5602520083087	0.645397882673693	large	3.95e-70	69.4034029043735
VANISH	Parvimonas pr_cl_1643	0.0372001080655038	310	48.6656200941915	0.000887926189056414	6	4.44444444444444	0.0238689142379078	-5.38872324795548	0.581631119704648	large	3.73e-57	56.4282911681913
BloSSUM	Pauljensenia pr_cl_3665	0.0329414435568625	243	38.1475667189953	0.0679687992991073	110	81.4814814814815	2.06332182078729	1.04496885905469	0.313998494659352	moderate	2.78e-17	16.5559552040819
VANISH	Pauljensenia pr_cl_3667	0.0667979017280286	81	12.7158555729984	0.000211540350171767	0	0	0.00316687118456303	-8.30272609906791	0.470168382863296	moderate	1.09e-37	36.9625735020594
VANISH	Pauljensenia pr_cl_3669	0.177086446437813	124	19.4662480376766	0.000559753630805503	1	0.740740740740741	0.00316090611147968	-8.30544610121161	0.414210114304448	moderate	1.85e-29	28.732828271597
VANISH	Pauljensenia pr_cl_3671	0.193925480833384	344	54.0031397174254	0.000874538664100178	9	6.66666666666667	0.00450966350755917	-7.79276449510307	0.519851688980282	large	7.32e-46	45.1354889189416
VANISH	Pauljensenia pr_cl_3672	0.209495295703881	248	38.9324960753532	0.00761109418422995	18	13.3333333333333	0.0363306209748411	-4.78267016479569	0.343964961183456	moderate	1.4e-20	19.8538719643218
BloSSUM	Pauljensenia pr_cl_3686	0.0148723998856126	147	23.0769230769231	0.0791691585199024	116	85.9259259259259	5.32322685839625	2.41230105048455	0.474956758192996	moderate	1.92e-38	37.7166987712965
VANISH	Pauljensenia pr_cl_3750	0.408162269940046	556	87.2841444270016	0.00165160450382704	7	5.18518518518519	0.00404644090221675	-7.94913075943071	0.650436630569652	large	3.28e-71	70.4841261562883
VANISH	Pauljensenia pr_cl_3751	0.0693119423003069	313	49.1365777080063	0.000343019129304082	2	1.48148148148148	0.00494891815061088	-7.65867110276921	0.614257794745251	large	1.26e-63	62.8996294548824
VANISH	Pauljensenia pr_cl_3752	1.25598384569548	436	68.4458398744113	0.000133785738370175	0	0	0.000106518677631633	-13.1966059560097	0.648511891466537	large	8.52e-71	70.0695604052333
BloSSUM	Peptidiphaga pr_cl_3822	0.0829799643095045	183	28.7284144427002	2.27097980627676	121	89.6296296296296	27.3678089063319	4.77440803063132	0.523169125483211	large	1.95e-46	45.7099653886375
BloSSUM	Peptidiphaga pr_cl_3823	0.0201983345129594	56	8.79120879120879	0.125493041345939	67	49.6296296296296	6.21303906346444	2.63529912501663	0.332776437128764	moderate	1.3e-19	18.8860566476932
BloSSUM	Peptidiphaga pr_cl_3825	0.00297999869667603	21	3.2967032967033	0.0128505229284336	57	42.2222222222222	4.31225790224922	2.1084434636121	0.36064603341045	moderate	1.54e-22	21.8124792791635
BloSSUM	Peptidiphaga pr_cl_3826	0.0387201917466842	171	26.8445839874411	0.142551959867203	113	83.7037037037037	3.68159230201671	1.88032987209111	0.436540217557657	moderate	1.28e-32	31.8927900303521
BloSSUM	Peptoanaerobacter pr_cl_1588	0.0519963022648176	335	52.5902668759812	0.11904733932503	120	88.8888888888889	2.28953471957911	1.19505444288209	0.385589400323986	moderate	1.21e-25	24.9172146296836
VANISH	Peptoniphilaceae pr_cl_1580	0.821249388160989	525	82.4175824175824	5.35332149853296e-06	0	0	6.51850896415347e-06	-17.2270265674482	0.659199670388711	large	4.1e-73	72.3872161432803
VANISH	Peptoniphilaceae pr_cl_1581	0.0540438338741418	364	57.1428571428571	7.48013051609463e-05	0	0	0.00138408583919388	-9.49685086485287	0.649184767738357	large	6.12e-71	70.2132485778544
VANISH	Peptoniphilaceae pr_cl_1582	0.0468577271753868	319	50.0784929356358	0.000129449599344294	0	0	0.00276260943813534	-8.49975266803934	0.638027540254449	large	1.46e-68	67.8356471442156
VANISH	Peptoniphilaceae pr_cl_1583	0.0432932071488566	331	51.9623233908948	0	0	0	0	-Inf	0.653957494782666	large	5.67e-72	71.2464169411071
VANISH	Peptoniphilaceae pr_cl_3155	0.0776779526698377	366	57.4568288854003	1.45800083336008e-06	0	0	1.87698154141262e-05	-15.701226011931	0.657963455842808	large	7.62e-73	72.1180450286604
VANISH	Peptostreptococcus pr_cl_1948	0.096089862995052	445	69.8587127158556	0.017671824063261	49	36.2962962962963	0.183909348108561	-2.44293328111305	0.421173601303522	moderate	1.99e-30	29.7011469235903
VANISH	Phil12 pr_cl_1817	1.98794340313554e-05	0	0	1.54453558426463e-05	0	0	0.776951487566731	-0.364103574545085	0.40785691043563	moderate	1.37e-28	27.8632794328436
VANISH	Phocaeicola pr_cl_732	0.358588428144808	487	76.4521193092622	0.00295729957546881	6	4.44444444444444	0.00824705802908557	-6.9219047257648	0.625931415647069	large	5.02e-66	65.299296282855
BloSSUM	Porphyromonas pr_cl_1196	0.000539295187668287	1	0.156985871271586	0.0559727705244959	77	57.037037037037	103.788744651146	6.69750618918913	0.568173594268236	large	1.37e-54	53.8632794328436
BloSSUM	Porphyromonas pr_cl_585	0.0276075971554601	167	26.2166405023548	0.786194470696968	120	88.8888888888889	28.4774682226004	4.83174898469379	0.577202654938945	large	2.65e-56	55.5767541260632
BloSSUM	Porphyromonas pr_cl_586	0.00810381389295638	76	11.9309262166405	0.289449796916902	99	73.3333333333333	35.7177251032978	5.15856829162016	0.484502212281614	moderate	5.78e-40	39.2380721615795
BloSSUM	Porphyromonas pr_cl_587	0.0814569306636322	230	36.1067503924647	0.366086446176194	100	74.0740740740741	4.49423324932178	2.16807500188928	0.351304007031917	moderate	1.97e-21	20.7055337738384
BloSSUM	Porphyromonas pr_cl_592	0.0031663518876677	32	5.02354788069074	0.0142543738114281	50	37.037037037037	4.5018287029139	2.1705111624877	0.357438134905259	moderate	1.86e-22	21.7304870557821
VANISH	Porphyromonas pr_cl_595	0.0212732214218866	193	30.298273155416	0.00257607778492054	33	24.4444444444444	0.121094860709258	-3.04579045682953	0.363947821627988	moderate	6.12e-23	22.2132485778544
BloSSUM	Porphyromonas pr_cl_596	0.0149035022144514	147	23.0769230769231	0.315898925981695	96	71.1111111111111	21.1962880560637	4.4057397336386	0.398029787209971	moderate	1.43e-27	26.8446639625349
BloSSUM	Porphyromonas pr_cl_600	0.0200367506205065	129	20.2511773940345	1.15357154225752	133	98.5185185185185	57.5727853336111	5.84731510547051	0.645992517518558	large	2.95e-70	69.5301779840218
VANISH	Porphyromonas pr_cl_621	0.265916153750337	532	83.5164835164835	0.0236822191143429	45	33.3333333333333	0.0890589713349177	-3.48909524157558	0.573509659586627	large	1.34e-55	54.8728952016352
VANISH	Prevotella pr_cl_728	0.0347875395880868	304	47.723704866562	0.0052862553768054	11	8.14814814814815	0.15195829999474	-2.71825261756434	0.527973149098303	large	2.83e-47	46.5482135644757
VANISH	Prevotella pr_cl_739	0.0108349341184618	156	24.4897959183673	0.00234928374255206	8	5.92592592592593	0.216824921763861	-2.2053975059135	0.560991031273686	large	3.05e-53	52.5157001606532
BloSSUM	Prevotella pr_cl_745	0.00112380705246089	8	1.25588697017268	0.00266532856551939	7	5.18518518518519	2.37169588826027	1.24591903154225	0.391660935055762	moderate	6.58e-27	26.181774106386
VANISH	Prevotella pr_cl_757	0.00484422410284849	59	9.26216640502355	0.00392230746400548	10	7.40740740740741	0.809687450607228	-0.3045629776023	0.394540219567739	moderate	8.28e-27	26.0819696632151
BloSSUM	Prevotella pr_cl_766	0.000506093527576722	0	0	0.0977848420347718	81	60	193.214962663098	7.59406301129826	0.562790584093671	large	1.41e-53	52.8507808873446
BloSSUM	Prevotella pr_cl_773	0.000359189107887685	0	0	0.0367462816477594	93	68.8888888888889	102.3034408361	6.67671085874553	0.656570758442993	large	1.54e-72	71.8124792791635
BloSSUM	Prevotella pr_cl_780	0.00276951913923622	32	5.02354788069074	0.22519191960568	103	76.2962962962963	81.3108371108004	6.34537574244068	0.552384474308538	large	1.19e-51	50.9244530386075
BloSSUM	Prevotella pr_cl_788	0.000961342914921337	2	0.313971742543171	0.0454287623687684	68	50.3703703703704	47.2555231475188	5.56241105389009	0.622504441146401	large	2.57e-65	64.5900668766687
BloSSUM	Prevotella pr_cl_795	0.000415591649254915	0	0	0.0540527397889653	23	17.037037037037	130.062141253013	7.02305727039299	0.326157212408296	moderate	6.93e-19	18.1592667653882
BloSSUM	Prevotella pr_cl_796	0.000996473309497268	3	0.470957613814757	0.0932428185238368	92	68.1481481481482	93.572820902628	6.54801764132996	0.592005932918998	large	3.56e-59	58.4485500020271
BloSSUM	Prevotella pr_cl_797	0.000310958473049648	0	0	0.0201424205497103	63	46.6666666666667	64.7752748210028	6.01737132620445	0.551836784319847	large	1.49e-51	50.8268137315877
BloSSUM	Prevotella pr_cl_806	0.000293139559061191	0	0	0.00835782252020342	41	30.3703703703704	28.5114112437441	4.83346754573678	0.637683277975843	large	1.73e-68	67.7619538968712
BloSSUM	Prevotella pr_cl_815	0.00125784242310808	5	0.784929356357928	0.0380934666811932	108	80	30.2847685698705	4.92052048153378	0.653456749650149	large	7.26e-72	71.1390633792999
BloSSUM	Prevotella pr_cl_847	0.000569573245491826	1	0.156985871271586	0.0200611414892111	52	38.5185185185185	35.2213550197365	5.13837850782281	0.522496249211391	large	1.28e-46	45.8927900303521
BloSSUM	Prevotella pr_cl_856	0.308877525945143	388	60.9105180533752	0.897174827067073	117	86.6666666666667	2.90462967262439	1.53835423814776	0.319115483982267	moderate	7.98e-18	17.0979971086493
BloSSUM	Prevotella pr_cl_864	0.0136351383410949	196	30.7692307692308	0.315824211705863	100	74.0740740740741	23.1625234599932	4.53372053236381	0.3614440959654	moderate	6.15e-23	22.2111248842246
BloSSUM	Prevotella pr_cl_877	0.000770121788672921	2	0.313971742543171	0.151416756377758	95	70.3703703703704	196.61404027885	7.61922253850008	0.603053622405169	large	2.3e-61	60.6382721639824
BloSSUM	Prevotella pr_cl_879	0.00165626883655891	5	0.784929356357928	0.0383754714114787	82	60.7407407407407	23.169832435662	4.53417570555045	0.624319642251778	large	1.08e-65	64.9665762445131
BloSSUM	Prevotella pr_cl_881	0.0206497281270289	216	33.9089481946625	0.169071791515127	100	74.0740740740741	8.18760375318573	3.03344128346211	0.348784633083938	moderate	1.95e-21	20.7099653886375
BloSSUM	Prevotella pr_cl_882	0.00614904412940824	80	12.5588697017268	0.449119098015189	126	93.3333333333333	73.0388477563928	6.19059210077288	0.601864352715439	large	3.98e-61	60.4001169279263
VANISH	Propionibacteriaceae pr_cl_3835	0.0382986428146831	80	12.5588697017268	1.19726519402576e-05	0	0	0.000312612955978365	-11.6433348087026	0.454426207759772	moderate	2.86e-35	34.543633966871
VANISH	Propionibacterium pr_cl_3759	0.000812196630881852	5	0.784929356357928	3.10853386748552e-05	0	0	0.0382731687043616	-4.70752284051059	0.436055120710531	moderate	1.5e-32	31.8239087409443
VANISH	Propionibacterium pr_cl_3760	0.0461649437131615	9	1.41287284144427	2.86377969122064e-05	0	0	0.000620336441654576	-10.6546615010527	0.445647519655322	moderate	5.89e-34	33.2298847052129
VANISH	Propionibacterium pr_cl_3764	0.0561810266238195	76	11.9309262166405	0.00251182673858744	8	5.92592592592593	0.0447095200912987	-4.48327412959355	0.301260790350934	moderate	5.72e-16	15.242603971207
VANISH	Propionivibrio pr_cl_3471	0.0232970605056677	241	37.8335949764521	0.00363233742688619	21	15.5555555555556	0.155913980049222	-2.68117780159553	0.494704894356661	moderate	1.27e-41	40.896196279044
VANISH	Propionivibrio pr_cl_3472	0.691437721275946	577	90.5808477237049	0.0442582186437053	50	37.037037037037	0.0640089733056989	-3.96558202159694	0.556437380224853	large	2.13e-52	51.6716203965613
BloSSUM	Pseudoleptotrichia pr_cl_1804	0.00141113399235917	10	1.56985871271586	0.0679827568119013	80	59.2592592592593	48.1759756196123	5.59024197795894	0.520415027254364	large	5.86e-46	45.2321023839819
VANISH	Pseudoramibacter pr_cl_1221	0.618948965425359	374	58.712715855573	0.0018972305749367	4	2.96296296296296	0.00306524557098641	-8.34978162514987	0.616761520407839	large	3.89e-64	63.4100503986743
VANISH	Pyramidobacter pr_cl_683	0.115262615657765	308	48.3516483516484	1.40536295949691e-05	0	0	0.000121927040391802	-13.0016942641492	0.660341995222267	large	2.3e-73	72.6382721639824
VANISH	RGIG3770 pr_cl_756	0.0149013367405712	109	17.1114599686028	1.89945006607475e-05	0	0	0.00127468434486364	-9.61564425364127	0.578830076619627	large	1.29e-56	55.8894102897008
VANISH	RGIG7111 pr_cl_1286	5.41430364882839	566	88.8540031397174	4.71692170725695e-05	0	0	8.71196374122394e-06	-16.8085706196846	0.660404588363831	large	2.23e-73	72.6516951369518
VANISH	RUG100 pr_cl_1244	0.219369382289306	302	47.4097331240188	0.000182499032491339	1	0.740740740740741	0.000831925725398898	-10.2312576497191	0.643316660716666	large	1.1e-69	68.9586073148418
VANISH	RUG100 pr_cl_1248	0.0326252649453114	115	18.0533751962323	2.31215860390412e-06	0	0	7.08701862737333e-05	-13.7844616334453	0.637041698274804	large	2.36e-68	67.6270879970299
VANISH	RUG721 pr_cl_3204	0.144673462403926	148	23.2339089481947	4.61597282529046e-06	0	0	3.19061474619494e-05	-14.9358060548852	0.637855409115146	large	1.59e-68	67.7986028756796
BloSSUM	Rodentibacter pr_cl_2968	0.000227590962392382	0	0	0.0034556757913219	15	11.1111111111111	15.1837127230214	3.92445269671933	0.369675094081159	moderate	6.09e-24	23.2153827073671
BloSSUM	Rodentibacter pr_cl_2969	0.00122265241857597	8	1.25588697017268	0.034578812572474	40	29.6296296296296	28.2818011456994	4.82180209697325	0.495377770628482	moderate	9.78e-42	41.0096611452124
BloSSUM	Rothia pr_cl_3592	0.00694359951998775	53	8.32025117739403	0.0867578445638024	120	88.8888888888889	12.4946498302591	3.64323856452105	0.612614724779177	large	2.72e-63	62.5654310959658
BloSSUM	Rothia pr_cl_3615	0.000193478153946634	0	0	0.0714775007782579	93	68.8888888888889	369.434477847938	8.52917470335849	0.550741404342465	large	2.38e-51	50.6234230429435
BloSSUM	Rothia pr_cl_3625	0.239590086430968	269	42.2291993720565	2.53835216587393	135	100	10.5945625868176	3.40525211989278	0.604774933798198	large	1.04e-61	60.9829666607012
BloSSUM	Rothia pr_cl_3628	0.102986051234679	210	32.967032967033	9.75446959899725	135	100	94.716415301421	6.56554257571987	0.650499223711216	large	3.17e-71	70.4989407377823
BloSSUM	SDRK01 pr_cl_277	0.011967406613907	88	13.8147566718995	0.0446442469654479	10	7.40740740740741	3.73048634560206	1.89936372770548	0.354371070968588	moderate	8.58e-22	21.0665127121513
VANISH	Saccharimonadales pr_cl_543	0.0465959174471251	262	41.1302982731554	0.0325152645140456	28	20.7407407407407	0.69781359173671	-0.519086396838906	0.382444094960359	moderate	3.05e-25	24.5157001606532
VANISH	Saccharimonas pr_cl_284	0.0582377515020284	101	15.8555729984301	0.000296904456692458	1	0.740740740740741	0.00509814422835533	-7.61581209635696	0.459011155379387	moderate	5.75e-36	35.2403321553104
VANISH	Saccharimonas pr_cl_286	0.145010873458378	206	32.3390894819466	0.000727957448164554	5	3.7037037037037	0.00502001974612957	-7.63809124566788	0.560161672147953	large	4.35e-53	52.3615107430454
BloSSUM	Saccharimonas pr_cl_297	0.000969699552315527	6	0.941915227629513	0.0288150144222388	57	42.2222222222222	29.7154044811427	4.89313911369448	0.552478364020885	large	1.14e-51	50.9430951486635
BloSSUM	Saccharimonas pr_cl_300	0.000943770171759259	6	0.941915227629513	0.0386816473503855	58	42.962962962963	40.9862999572024	5.35706985128275	0.557157201352847	large	1.57e-52	51.8041003475908
BloSSUM	Saccharimonas pr_cl_306	0.000457012205560424	2	0.313971742543171	0.0470148311306561	48	35.5555555555556	102.874344620628	6.68473942950467	0.556844235645024	large	1.79e-52	51.7471469690201
BloSSUM	Saccharimonas pr_cl_309	0.00101371246198273	5	0.784929356357928	0.0267121371436067	46	34.0740740740741	26.3508027625113	4.71977500831922	0.567375531713286	large	1.94e-54	53.7121982700698
BloSSUM	Saccharimonas pr_cl_316	0.000392961346750946	1	0.156985871271586	0.0479303628344101	31	22.962962962963	121.972207268487	6.9304086408105	0.459871811075902	moderate	4.25e-36	35.3716110699497
VANISH	Saccharimonas pr_cl_434	0.0746245133418811	337	52.9042386185243	0.00165260359288378	17	12.5925925925926	0.0221455862005105	-5.49683700346248	0.556218304229377	large	2.34e-52	51.6307841425899
VANISH	Saccharimonas pr_cl_439	0.0307856653328966	196	30.7692307692308	0.00100668435625545	9	6.66666666666667	0.0326997758654817	-4.93457544270171	0.526846472550138	large	4.46e-47	46.3506651412879
BloSSUM	Scardovia pr_cl_3418	0.000355275414830977	5	0.784929356357928	0.00852143458242203	15	11.1111111111111	23.9854327845233	4.5840865661321	0.401613244564551	moderate	9.54e-28	27.0204516252959
VANISH	Selenomonadaceae pr_cl_3117	0.0374614128933036	272	42.7001569858713	0.000257402563327633	1	0.740740740740741	0.0068711386850453	-7.18523508239599	0.601363607582922	large	5.01e-61	60.3001622741328
VANISH	Selenomonas pr_cl_3100	0.125269187079779	388	60.9105180533752	0.00508197571932211	11	8.14814814814815	0.0405684417516465	-4.6234983005987	0.533309214416694	large	3.25e-48	47.4881166390211
VANISH	Selenomonas pr_cl_3102	0.00917027132548831	101	15.8555729984301	0.00404923119533327	11	8.14814814814815	0.441560674881956	-1.17931640256989	0.312981356108926	moderate	3.56e-17	16.4485500020271
BloSSUM	Selenomonas pr_cl_3105	0.00285835942708329	24	3.76766091051805	0.0310639886894364	73	54.0740740740741	10.8677685511141	3.44198384107374	0.315876288906293	moderate	8.82e-18	17.0545314148682
VANISH	Slackia pr_cl_3183	0.111991390429363	498	78.1789638932496	0.00228202536427309	18	13.3333333333333	0.0203767928545583	-5.6169291891506	0.609798033408766	large	1.01e-62	61.9956786262174
BloSSUM	Stomatobaculum pr_cl_3163	0.00282956796853049	24	3.76766091051805	0.0293395262512491	66	48.8888888888889	10.368906694433	3.37419187817322	0.301683294056496	moderate	2.59e-16	15.5867002359188
VANISH	Stomatobaculum pr_cl_3170	0.116228430427632	455	71.4285714285714	0.000181363467442491	2	1.48148148148148	0.00156040537392797	-9.32386341263668	0.65201710739416	large	1.49e-71	70.8268137315877
BloSSUM	Streptococcus pr_cl_2162	0.014479298454587	38	5.96546310832025	0.035044325115614	84	62.2222222222222	2.4203054606221	1.27518913787779	0.526486561986141	large	5.15e-47	46.2881927709588
BloSSUM	Streptococcus pr_cl_2171	0.00610928231171985	64	10.0470957613815	0.04226785893385	111	82.2222222222222	6.91862919033299	2.79048622048979	0.539787604568641	large	2.28e-49	48.6420651529996
BloSSUM	Streptococcus pr_cl_2198	0.0130464021856685	145	22.7629513343799	0.106773791480168	125	92.5925925925926	8.18415605778722	3.03283365505992	0.533058841850435	large	3.6e-48	47.4436974992327
VANISH	Streptococcus pr_cl_2199	0.0608064354350448	465	72.9984301412873	0.00850952830309677	72	53.3333333333333	0.139944534525246	-2.83707295072248	0.432409070214386	moderate	5.06e-32	31.2958494831602
BloSSUM	Streptococcus pr_cl_2356	0.00237295064964619	16	2.51177394034537	0.0469547546773898	116	85.9259259259259	19.7874973440306	4.30651725160463	0.636822622279328	large	2.63e-68	67.5800442515103
BloSSUM	Streptococcus pr_cl_2363	0.00320355770761973	29	4.55259026687598	0.0942075733539455	130	96.2962962962963	29.40717226035	4.87809615887754	0.650624409994346	large	2.98e-71	70.5257837359237
VANISH	Streptococcus pr_cl_2369	0.171840263359778	93	14.5996860282575	0.0127543303691165	29	21.4814814814815	0.0742220136290936	-3.75200904816666	0.339583441273926	moderate	2.23e-20	19.6516951369518
BloSSUM	Streptococcus pr_cl_2395	0.00310537858864729	36	5.65149136577708	0.0472159610480436	99	73.3333333333333	15.2045748047136	3.92643356691485	0.60466539580046	large	1.1e-61	60.9586073148418
BloSSUM	Streptococcus pr_cl_2397	0.00847053281118048	88	13.8147566718995	0.0293626935755383	82	60.7407407407407	3.4664517840934	1.79345969379279	0.443331573417428	moderate	1.3e-33	32.8860566476932
BloSSUM	Streptococcus pr_cl_2407	0.0142648811155255	160	25.1177394034537	0.0239919168265644	115	85.1851851851852	1.68188691039649	0.750080702444874	0.464315924126996	moderate	8.82e-37	36.0545314148682
BloSSUM	Streptococcus pr_cl_2411	0.00984945621390955	109	17.1114599686028	0.0208521006800317	116	85.9259259259259	2.11708141314279	1.08207674977959	0.54828462353605	large	6.66e-51	50.1765257708297
BloSSUM	Streptococcus pr_cl_2414	0.031522368063225	217	34.0659340659341	0.454880574257979	135	100	14.4304061593855	3.8510400014999	0.649779402583222	large	4.54e-71	70.3429441471429
BloSSUM	Streptococcus pr_cl_2423	0.000557014528882452	0	0	0.00143175469463827	13	9.62962962962963	2.5704081678279	1.36199747029252	0.544075234765824	large	3.86e-50	49.4134126953283
BloSSUM	Streptococcus pr_cl_2436	0.00133784538506686	4	0.627943485086342	0.0246334370055327	78	57.7777777777778	18.4127682320342	4.20263463707758	0.587624413009468	large	2.57e-58	57.5900668766687
BloSSUM	Streptococcus pr_cl_2440	0.00351454077505022	42	6.59340659340659	0.0314571791395639	97	71.8518518518519	8.95058021886639	3.16198120771197	0.571068527065603	large	3.91e-55	54.4078232426041
BloSSUM	Streptococcus pr_cl_2442	0.00296592343245576	34	5.33751962323391	0.0323327625652523	106	78.5185185185185	10.9014151246923	3.44644351987665	0.616667630695492	large	4.06e-64	63.3914739664228
BloSSUM	Streptococcus pr_cl_2463	0.199149580616889	381	59.8116169544741	0.667909876649927	135	100	3.35381010886891	1.74580100650853	0.533215324704347	large	3.38e-48	47.4710832997223
BloSSUM	Streptococcus pr_cl_2469	0.00990228555402853	105	16.4835164835165	0.0230836716825653	56	41.4814814814815	2.33114583058799	1.22103925864321	0.300228003515117	moderate	3.63e-16	15.4400933749639
BloSSUM	Streptococcus pr_cl_2472	0.00573421271269707	64	10.0470957613815	0.0344436833764596	44	32.5925925925926	6.00669788551655	2.58657210351347	0.31357599095379	moderate	3.08e-17	16.5114492834996
BloSSUM	Streptococcus pr_cl_2480	0.0235132391798661	161	25.2747252747253	0.0464036899321562	91	67.4074074074074	1.97351328658668	0.980766232141172	0.345811458859614	moderate	8.64e-21	20.0634862575211
BloSSUM	Streptococcus pr_cl_2483	0.17708490977169	352	55.2590266875981	0.52745430068113	134	99.2592592592593	2.97853894700096	1.57460482370387	0.464206386129257	moderate	9.18e-37	36.0371573187988
VANISH	Streptococcus pr_cl_2487	0.0735805880151847	219	34.3799058084772	0.00113032517367958	7	5.18518518518519	0.0153617306434996	-6.02451543138847	0.30944484361052	moderate	8.34e-17	16.0788339493623
VANISH	Streptococcus pr_cl_2488	0.66846005235629	529	83.0455259026688	0.00795640924865324	99	73.3333333333333	0.0119025949577799	-6.39258005114961	0.570880747640909	large	4.24e-55	54.3726341434073
BloSSUM	Streptococcus pr_cl_2493	0.0375368659313844	305	47.8806907378336	0.153363496842908	123	91.1111111111111	4.08567665513817	2.0305750321457	0.470872555705899	moderate	8.46e-38	37.072629636961
VANISH	Synergistaceae pr_cl_3294	1.35025629661762	461	72.3704866562009	1.20105822031373e-05	0	0	8.89503884056956e-06	-16.7785676642281	0.659121428961755	large	4.27e-73	72.369572124975
VANISH	Synergistes pr_cl_3281	0.0349050452869151	100	15.6985871271586	6.15109619475544e-06	0	0	0.000176223699015263	-12.4703044249127	0.654411295059011	large	4.52e-72	71.3448615651886
VANISH	Tannerella pr_cl_581	0.346406691444312	564	88.5400313971743	0.00956104599470296	20	14.8148148148148	0.0276006388757649	-5.17915452812526	0.626260029640284	large	4.28e-66	65.3685562309868
VANISH	Tannerella pr_cl_583	0.345282639074994	530	83.2025117739403	0.0562629743458664	52	38.5185185185185	0.162947591273613	-2.61752006888206	0.439466446925807	moderate	4.79e-33	32.3196644865854
VANISH	Tannerella pr_cl_623	0.0616385929356243	249	39.0894819466248	0.00611588616634838	26	19.2592592592593	0.099221703077094	-3.33320046939365	0.379783886443859	moderate	6.66e-25	24.1765257708297
BloSSUM	Tannerella pr_cl_624	0.147600138585081	399	62.6373626373626	0.657282019566865	129	95.5555555555556	4.45312603272379	2.15481844362733	0.366122933297362	moderate	1.66e-23	22.7798919119599
VANISH	Tannerella pr_cl_628	0.19618971429378	461	72.3704866562009	0.0158514748859983	46	34.0740740740741	0.0807966663444028	-3.6295604209018	0.514171361383285	large	6.9e-45	44.1611509092628
BloSSUM	Treponema_B pr_cl_1066	0.000672966968957657	1	0.156985871271586	0.0363985555125963	42	31.1111111111111	54.0866895279767	5.75720169236528	0.545859139300418	large	1.84e-50	49.7351821769905
VANISH	Treponema_B pr_cl_1075	0.0111721654149046	171	26.8445839874411	0.00140432422828635	12	8.88888888888889	0.125698481550663	-2.99196087291382	0.54243216479975	large	7.62e-50	49.1180450286604
VANISH	Treponema_B pr_cl_1076	0.117212599565926	516	81.0047095761381	0.0629698930817508	79	58.5185185185185	0.537228022541499	-0.896393535231377	0.384431427205039	moderate	1.7e-25	24.7695510786217
VANISH	Treponema_C pr_cl_1038	0.171057605499991	513	80.5337519623234	0.0225791950520253	58	42.962962962963	0.131997609729352	-2.92141629002206	0.483281646021102	moderate	9.06e-40	39.0428718023232
BloSSUM	Treponema_D pr_cl_1023	0.00192331006055114	19	2.98273155416013	0.0275721866751616	16	11.8518518518519	14.3357991208451	3.8415504218967	0.314405350079523	moderate	2.53e-17	16.5968794788242
VANISH	Treponema_D pr_cl_1041	0.0301790227967224	337	52.9042386185243	0.0013336938814004	9	6.66666666666667	0.0441927457487208	-4.50004661950802	0.578360628057892	large	1.59e-56	55.7986028756796
VANISH	Treponema_D pr_cl_1044	0.13740535822092	491	77.0800627943485	0.0269468309481208	59	43.7037037037037	0.196111936950783	-2.35025074265372	0.401347223712901	moderate	1.04e-27	26.9829666607012
VANISH	Treponema_D pr_cl_1045	0.0174398410867359	237	37.2056514913658	0.00840956333900682	37	27.4074074074074	0.482204126584779	-1.05228409766338	0.341539476947823	moderate	2.66e-20	19.5751183633689
VANISH	Treponema_D pr_cl_1051	0.0162526656845898	237	37.2056514913658	0.00282069261930491	33	24.4444444444444	0.173552614324639	-2.52655499739706	0.423239174975157	moderate	1.02e-30	29.9913998282381
VANISH	UBA2268 pr_cl_2748	0.0338241125657041	289	45.3689167974882	5.3738085541208e-06	0	0	0.000158875078945	-12.6198195374441	0.635195200598646	large	5.8e-68	67.2365720064371
VANISH	UBA3738 pr_cl_1284	1.25423025554329	443	69.5447409733124	0.000244806270564952	1	0.740740740740741	0.000195184472295248	-12.3228740942393	0.647291325206025	large	1.55e-70	69.8096683018297
VANISH	UBA4248 pr_cl_3091	0.000286250153015251	1	0.156985871271586	1.95491661691741e-06	0	0	0.00682939937786952	-7.19402558062278	0.566843490009986	large	2.45e-54	53.6108339156355
VANISH	UBA4285 pr_cl_2632	0.00626570728590922	20	3.13971742543171	0.00117075887009736	11	8.14814814814815	0.186851829597953	-2.42003340465562	0.308161684208443	moderate	1.13e-16	15.9469215565166
VANISH	UBA5232 pr_cl_1170	0.433169863413207	510	80.0627943485086	0.000345032636393739	1	0.740740740740741	0.000796529642378669	-10.2939843277587	0.646039462374731	large	2.89e-70	69.5391021572435
BloSSUM	UBA6382 pr_cl_698	0.00260781409973729	31	4.86656200941915	0.00280285477337606	5	3.7037037037037	1.07479086552159	0.10405596527773	0.519460481845503	large	8.58e-46	45.0665127121513
VANISH	UBA9732 pr_cl_1017	0.00820255904576623	104	16.3265306122449	1.84707342583823e-05	0	0	0.00225182582110348	-8.79468904549817	0.628278658455745	large	1.63e-66	65.7878123955961
BloSSUM	Veillonella pr_cl_1873	0.000919490538201918	6	0.941915227629513	0.00311064717055764	16	11.8518518518519	3.38301161493251	1.75830813036181	0.529819646774462	large	1.34e-47	46.8728952016352
BloSSUM	Veillonella pr_cl_1939	0.0198868979994759	164	25.74568288854	2.44983772810346	135	100	123.188529863633	6.94472412211255	0.660482829790787	large	2.15e-73	72.6675615400844
VANISH	W11650 pr_cl_2717	0.235198381362415	566	88.8540031397174	0.0119617499914778	31	22.962962962963	0.0508581305797596	-4.29737775670615	0.61012664740198	large	8.7e-63	62.0604807473814
VANISH	W5053 pr_cl_1579	0.973455200581806	588	92.3076923076923	0.00179696912589892	17	12.5925925925926	0.00184597003007937	-9.08140515410898	0.653065542515369	large	8.88e-72	71.0515870342214
