assembly_accession	archive_sample_accession	archive_data_accession
ERS11702721	ERS11702721	ERR9612721,ERR9612722
ERS11702722	ERS11702722	ERR9612723,ERR9612724
ERS11702723	ERS11702723	ERR9612725,ERR9612726
ERS11702724	ERS11702724	ERR9612727,ERR9612728
ERS11702725	ERS11702725	ERR9612729,ERR9612730
ERS11702726	ERS11702726	ERR9612731,ERR9612732
ERS11702727	ERS11702727	ERR9612733,ERR9612734
ERS11702728	ERS11702728	ERR9612735,ERR9612736
ERS11702729	ERS11702729	ERR9612737
ERS11702730	ERS11702730	ERR9612738
ERS11702731	ERS11702731	ERR9612739
ERS11702732	ERS11702732	ERR9612740
ERS11702733	ERS11702733	ERR9612741
ERS11702734	ERS11702734	ERR9612742
ERS11702735	ERS11702735	ERR9612743
ERS11702736	ERS11702736	ERR9612744
ERS11702737	ERS11702737	ERR9612745
ERS11702738	ERS11702738	ERR9612746
ERS11702739	ERS11702739	ERR9612747,ERR9612748
ERS11702740	ERS11702740	ERR9612749,ERR9612750
ERS11702741	ERS11702741	ERR9612751,ERR9612752
ERS11702742	ERS11702742	ERR9612753,ERR9612754
ERS11702743	ERS11702743	ERR9612755,ERR9612756
ERS11702744	ERS11702744	ERR9612757,ERR9612758
ERS11702745	ERS11702745	ERR9612759,ERR9612760
ERS11702746	ERS11702746	ERR9612761,ERR9612762
ERS11702747	ERS11702747	ERR9612763,ERR9612764
ERS11702748	ERS11702748	ERR9612765,ERR9612766
ERS11702749	ERS11702749	ERR9612767,ERR9612768
ERS11702750	ERS11702750	ERR9612769,ERR9612770
ERS11702751	ERS11702751	ERR9612771,ERR9612772
ERS11702752	ERS11702752	ERR9612773,ERR9612774
ERS11702753	ERS11702753	ERR9612775,ERR9612776
ERS11702754	ERS11702754	ERR9612777,ERR9612778
ERS11702755	ERS11702755	ERR9612779,ERR9612780
ERS11702756	ERS11702756	ERR9612781,ERR9612782
ERS11702757	ERS11702757	ERR9612783,ERR9612784
ERS11702758	ERS11702758	ERR9612785,ERR9612786
ERS11702759	ERS11702759	ERR9612787,ERR9612788
ERS11702760	ERS11702760	ERR9612789,ERR9612790
ERS11702761	ERS11702761	ERR9612791,ERR9612792
ERS11702762	ERS11702762	ERR9612793,ERR9612794
ERS11702763	ERS11702763	ERR9612795,ERR9612796
ERS11702764	ERS11702764	ERR9612797,ERR9612798
ERS11702765	ERS11702765	ERR9612799,ERR9612800
ERS11702766	ERS11702766	ERR9612801,ERR9612802
ERS11702767	ERS11702767	ERR9612803,ERR9612804
ERS11702768	ERS11702768	ERR9612805,ERR9612806
ERS11702769	ERS11702769	ERR9612807,ERR9612808
ERS11702770	ERS11702770	ERR9612809,ERR9612810
ERS11702771	ERS11702771	ERR9612811,ERR9612812
ERS11702772	ERS11702772	ERR9612813,ERR9612814
ERS11702773	ERS11702773	ERR9612815,ERR9612816
ERS11702774	ERS11702774	ERR9612817,ERR9612818
ERS11702775	ERS11702775	ERR9612819,ERR9612820
ERS11702776	ERS11702776	ERR9612821,ERR9612822
ERS11702777	ERS11702777	ERR9612823,ERR9612824
ERS11702778	ERS11702778	ERR9612825,ERR9612826
ERS11702779	ERS11702779	ERR9612827,ERR9612828
ERS11702780	ERS11702780	ERR9612829,ERR9612830
ERS11702781	ERS11702781	ERR9612831,ERR9612832
ERS11702782	ERS11702782	ERR9612833,ERR9612834
ERS11702783	ERS11702783	ERR9612835,ERR9612836
ERS11702784	ERS11702784	ERR9612837,ERR9612838
ERS11702785	ERS11702785	ERR9612839,ERR9612840
ERS11702786	ERS11702786	ERR9612841,ERR9612842
ERS11702787	ERS11702787	ERR9612843,ERR9612844
ERS11702788	ERS11702788	ERR9612845,ERR9612846
ERS11702789	ERS11702789	ERR9612847,ERR9612848
ERS11702790	ERS11702790	ERR9612849,ERR9612850
ERS11702791	ERS11702791	ERR9612851,ERR9612852
ERS11702792	ERS11702792	ERR9612853,ERR9612854
ERS11702793	ERS11702793	ERR9612855,ERR9612856
ERS11702794	ERS11702794	ERR9612857,ERR9612858
ERS11702795	ERS11702795	ERR9612859,ERR9612860
ERS11702796	ERS11702796	ERR9612861,ERR9612862
ERS11702797	ERS11702797	ERR9612863,ERR9612864
ERS11702798	ERS11702798	ERR9612865,ERR9612866
ERS11702799	ERS11702799	ERR9612867,ERR9612868
ERS11702800	ERS11702800	ERR9612869,ERR9612870
ERS11702801	ERS11702801	ERR9612871,ERR9612872
ERS11702802	ERS11702802	ERR9612873,ERR9612874
ERS11702803	ERS11702803	ERR9612875,ERR9612876
ERS11702804	ERS11702804	ERR9612877,ERR9612878
ERS11702805	ERS11702805	ERR9612879,ERR9612880
ERS11702806	ERS11702806	ERR9612881,ERR9612882
ERS11702807	ERS11702807	ERR9612883,ERR9612884
ERS11702808	ERS11702808	ERR9612885,ERR9612886
ERS11702809	ERS11702809	ERR9612887,ERR9612888
ERS11702810	ERS11702810	ERR9612889,ERR9612890
ERS11702811	ERS11702811	ERR9612891,ERR9612892
ERS11702812	ERS11702812	ERR9612893,ERR9612894
ERS11702813	ERS11702813	ERR9612895,ERR9612896
ERS11702814	ERS11702814	ERR9612897,ERR9612898
ERS13439323	ERS13439323	ERR10167374
ERS13439324	ERS13439324	ERR10167375
ERS26854147	ERS26854147	ERR15606347
ERS26854148	ERS26854148	ERR15606348
ERS26854149	ERS26854149	ERR15606349
ERS26854150	ERS26854150	ERR15606350,ERR15606351
ERS3887040	ERS3887040	ERR3609652
ERS3887041	ERS3887041	ERR3609653,ERR3609657
ERS3887042	ERS3887042	ERR3609654,ERR3609658
ERS3887043	ERS3887043	ERR3609655
ERS3887044	ERS3887044	ERR3609656
ERS3887045	ERS3887045	ERR3609659
ERS3887046	ERS3887046	ERR3609660
ERS3887047	ERS3887047	ERR3609661
ERS5113011	ERS5113011	ERR8050978
ERS6205384	ERS6205384	ERR5670952
ERS6205385	ERS6205385	ERR5670953
ERS6205386	ERS6205386	ERR5670954
ERS6205387	ERS6205387	ERR5670955
ERS6205388	ERS6205388	ERR5670956
ERS6205389	ERS6205389	ERR5670957
ERS6205390	ERS6205390	ERR5670958
ERS6205391	ERS6205391	ERR5670959
ERS6205392	ERS6205392	ERR5670960
ERS6205393	ERS6205393	ERR5670961
ERS6205394	ERS6205394	ERR5670962
ERS6205395	ERS6205395	ERR5670963
ERS6205396	ERS6205396	ERR5670964
ERS6205397	ERS6205397	ERR5670965
ERS6205398	ERS6205398	ERR5670966
ERS6205399	ERS6205399	ERR5670967
ERS6205400	ERS6205400	ERR5670968
ERS6205401	ERS6205401	ERR5670969
ERS6205402	ERS6205402	ERR5670970
ERS6205403	ERS6205403	ERR5670971
ERS6256686	ERS6256686	ERR5729614
ERS6256687	ERS6256687	ERR5729615
ERS6256688	ERS6256688	ERR5729616
ERS6256689	ERS6256689	ERR5729617
ERS6256690	ERS6256690	ERR5729618
ERS6256691	ERS6256691	ERR5729619
ERS6256692	ERS6256692	ERR5729620
ERS6256693	ERS6256693	ERR5729621
ERS6256694	ERS6256694	ERR5729622
ERS6256695	ERS6256695	ERR5729623
ERS6256696	ERS6256696	ERR5729624
ERS6256697	ERS6256697	ERR5729625
ERS6256698	ERS6256698	ERR5729626
ERS6256699	ERS6256699	ERR5729627
ERS6256700	ERS6256700	ERR5729628
ERS6256701	ERS6256701	ERR5729629
ERS6256702	ERS6256702	ERR5729630
ERS6256703	ERS6256703	ERR5729631
ERS6256704	ERS6256704	ERR5729632
ERS6256705	ERS6256705	ERR5729633
ERS6256706	ERS6256706	ERR5729634
ERS6256707	ERS6256707	ERR5729635
ERS6256708	ERS6256708	ERR5729636
ERS6256709	ERS6256709	ERR5729637
ERS6256711	ERS6256711	ERR5729639
ERS6256712	ERS6256712	ERR5729640
ERS6256713	ERS6256713	ERR5729641
ERS6256714	ERS6256714	ERR5729642
ERS6256716	ERS6256716	ERR5729644
ERS6256717	ERS6256717	ERR5729645
ERS6256718	ERS6256718	ERR5729646
ERS6256719	ERS6256719	ERR5729647
ERS6256720	ERS6256720	ERR5729648
ERS6256721	ERS6256721	ERR5729649
ERS6256722	ERS6256722	ERR5729650
ERS6256723	ERS6256723	ERR5729651
ERS6256724	ERS6256724	ERR5729652
ERS6256725	ERS6256725	ERR5729653
ERS6256726	ERS6256726	ERR5729654
ERS6256727	ERS6256727	ERR5729655
ERS6256728	ERS6256728	ERR5729656
ERS6256729	ERS6256729	ERR5729657
ERS6955103	ERS6955103	ERR6096776,ERR6096784,ERR6096796,ERR6096814
ERS6955104	ERS6955104	ERR6093854,ERR6093855,ERR6093856,ERR6093857
ERS6955105	ERS6955105	ERR6093858,ERR6093859,ERR6093860,ERR6093861
ERS6955106	ERS6955106	ERR6093866,ERR6093867,ERR6093868,ERR6093869
ERS6955107	ERS6955107	ERR6093870,ERR6093871,ERR6093872,ERR6093874
ERS6955108	ERS6955108	ERR6093875,ERR6093876,ERR6093877,ERR6093878
ERS6955109	ERS6955109	ERR6093879,ERR6093880,ERR6093881,ERR6093882
ERS6955110	ERS6955110	ERR6093907,ERR6093908,ERR6093909,ERR6093910
ERS6955111	ERS6955111	ERR6093917,ERR6093919,ERR6093920,ERR6093921
ERS6955112	ERS6955112	ERR6093927,ERR6093928,ERR6093929,ERR6093930
ERS6955113	ERS6955113	ERR6093931,ERR6093932,ERR6093934,ERR6093935
ERS6955114	ERS6955114	ERR6093941,ERR6093942,ERR6093943,ERR6093945
ERS6955115	ERS6955115	ERR6093946,ERR6093947,ERR6093948,ERR6093949
ERS6955116	ERS6955116	ERR6093950,ERR6093951,ERR6093952,ERR6093953
ERS6955117	ERS6955117	ERR6093954,ERR6093955,ERR6093956,ERR6093957
ERS6955118	ERS6955118	ERR6093958,ERR6093959,ERR6093960,ERR6093961
ERS6955119	ERS6955119	ERR6093963,ERR6093964,ERR6093965,ERR6093966
ERS6955120	ERS6955120	ERR6093967,ERR6093968,ERR6093969,ERR6093970
ERS6955121	ERS6955121	ERR6096545,ERR6096547,ERR6096548,ERR6096549
ERS6955122	ERS6955122	ERR6096550,ERR6096551,ERR6096552,ERR6096554
ERS6955123	ERS6955123	ERR6096575,ERR6096576,ERR6096579,ERR6096580
ERS6955124	ERS6955124	ERR6096741,ERR6096742,ERR6096743,ERR6096744
ERS6955125	ERS6955125	ERR6096760,ERR6096762,ERR6096764,ERR6096766
ERS6955126	ERS6955126	ERR6096818,ERR6096822,ERR6096826,ERR6096829
ERS6955127	ERS6955127	ERR6096886,ERR6096922,ERR6096923,ERR6096924
ERS6955128	ERS6955128	ERR6096925,ERR6096926,ERR6096927,ERR6096928
ERS6955129	ERS6955129	ERR6096929,ERR6096930,ERR6096931,ERR6096932
ERS6955130	ERS6955130	ERR6096955,ERR6097155,ERR6097156,ERR6097514
ERS6955131	ERS6955131	ERR6097549,ERR6097552,ERR6097573,ERR6097575
ERS6955132	ERS6955132	ERR6097581,ERR6097583,ERR6097619,ERR6097621
ERS6955133	ERS6955133	ERR6097622,ERR6097623,ERR6097625,ERR6097626
ERS6955134	ERS6955134	ERR6097627,ERR6097628,ERR6097629,ERR6097630
ERS6955135	ERS6955135	ERR6097759,ERR6098066,ERR6098349,ERR6098517
ERS6955136	ERS6955136	ERR6098519,ERR6098520,ERR6098552,ERR6098553
ERS6955137	ERS6955137	ERR6098554,ERR6098555,ERR6098556,ERR6098557
ERS6955138	ERS6955138	ERR6098559,ERR6098560,ERR6098730,ERR6098929
ERS6955139	ERS6955139	ERR6098930,ERR6098932,ERR6098934,ERR6098936
ERS6955140	ERS6955140	ERR6098937,ERR6098938,ERR6098939,ERR6098940
ERS6955141	ERS6955141	ERR6098982,ERR6098983,ERR6098984,ERR6098985
ERS6955142	ERS6955142	ERR6099814,ERR6099815,ERR6099816,ERR6099817
ERS6955143	ERS6955143	ERR6099818,ERR6099824,ERR6099825,ERR6099826
ERS6955144	ERS6955144	ERR6101230,ERR6108965,ERR6108966,ERR6108967
ERS6955145	ERS6955145	ERR6108968,ERR6108969,ERR6108970,ERR6108971
ERS6955146	ERS6955146	ERR6108972,ERR6108973,ERR6108974,ERR6108975
ERS6955147	ERS6955147	ERR6108976,ERR6108977,ERR6108978,ERR6108979
ERS6955148	ERS6955148	ERR6108980,ERR6108981,ERR6108982,ERR6108983
ERS6955149	ERS6955149	ERR6108984,ERR6108985,ERR6108986,ERR6108987
ERS6955150	ERS6955150	ERR6108988,ERR6108989,ERR6108990,ERR6108991
ERS6955151	ERS6955151	ERR6108992,ERR6108993,ERR6108994,ERR6108995
ERS6955152	ERS6955152	ERR6108996,ERR6108997,ERR6108998,ERR6109000
ERS6955153	ERS6955153	ERR6109001,ERR6109002,ERR6109003,ERR6109004
ERS6955154	ERS6955154	ERR6109005,ERR6109010,ERR6109011,ERR6109012
ERS6955155	ERS6955155	ERR6109013,ERR6109014,ERR6109015,ERR6109016
ERS6955156	ERS6955156	ERR6109017,ERR6109019,ERR6109020,ERR6109021
ERS6955157	ERS6955157	ERR6109022,ERR6109023,ERR6109024,ERR6109025
ERS6955158	ERS6955158	ERR6109027,ERR6109028,ERR6109049,ERR6109050
ERS6955159	ERS6955159	ERR6109056,ERR6109057,ERR6109058,ERR6109059
ERS6955160	ERS6955160	ERR6096749,ERR6096752,ERR6096755,ERR6096759
ERS6955161	ERS6955161	ERR6093862,ERR6093863,ERR6093864,ERR6093865
ERS6955162	ERS6955162	ERR6093883,ERR6093885,ERR6093886,ERR6093887
ERS6955163	ERS6955163	ERR6093888,ERR6093889,ERR6093890,ERR6093891
ERS6955164	ERS6955164	ERR6093893,ERR6093894,ERR6093896,ERR6093897
ERS6955165	ERS6955165	ERR6093899,ERR6093900,ERR6093901,ERR6093902
ERS6955166	ERS6955166	ERR6093903,ERR6093904,ERR6093905,ERR6093906
ERS6955167	ERS6955167	ERR6093912,ERR6093913,ERR6093914,ERR6093916
ERS6955168	ERS6955168	ERR6093922,ERR6093923,ERR6093924,ERR6093926
ERS6955169	ERS6955169	ERR6093936,ERR6093937,ERR6093938,ERR6093939
ERS6955170	ERS6955170	ERR6093972,ERR6096533,ERR6096535,ERR6096536
ERS6955171	ERS6955171	ERR6096537,ERR6096538,ERR6096539,ERR6096540
ERS6955172	ERS6955172	ERR6096541,ERR6096542,ERR6096543,ERR6096544
ERS6955173	ERS6955173	ERR6096555,ERR6096557,ERR6096570,ERR6096574
ERS6955174	ERS6955174	ERR6096581,ERR6096582,ERR6096739,ERR6096740
ERS6955175	ERS6955175	ERR6096745,ERR6096746,ERR6096747,ERR6096748
ERS6955176	ERS6955176	ERR6096835,ERR6096842,ERR6096847,ERR6096853
ERS6955177	ERS6955177	ERR6096933,ERR6096934,ERR6096935,ERR6096937
ERS6955178	ERS6955178	ERR6097576,ERR6097577,ERR6097579,ERR6097580
ERS6955179	ERS6955179	ERR6098990,ERR6099166,ERR6099349,ERR6099809
ERS6955180	ERS6955180	ERR6099810,ERR6099811,ERR6099812,ERR6099813
ERS6955181	ERS6955181	ERR6109051,ERR6109053,ERR6109054,ERR6109055
SRS11653536	SRS11653536	SRR17604808
SRS11653537	SRS11653537	SRR17604807
SRS11653538	SRS11653538	SRR17604804
SRS11653539	SRS11653539	SRR17604805
SRS11653540	SRS11653540	SRR17604803
SRS11653541	SRS11653541	SRR17604806
SRS11653542	SRS11653542	SRR17604802
SRS11653543	SRS11653543	SRR17604801
SRS11653544	SRS11653544	SRR17604800
SRS11653545	SRS11653545	SRR17604799
SRS11653546	SRS11653546	SRR17604797
SRS11653547	SRS11653547	SRR17604798
SRS11653548	SRS11653548	SRR17604796
SRS11653549	SRS11653549	SRR17604795
SRS11653550	SRS11653550	SRR17604794
SRS11653551	SRS11653551	SRR17604793
SRS11653552	SRS11653552	SRR17604792
SRS11653553	SRS11653553	SRR17604791
SRS11653554	SRS11653554	SRR17604790
SRS11653555	SRS11653555	SRR17604789
SRS11653556	SRS11653556	SRR17604788
SRS11653557	SRS11653557	SRR17604787
SRS11653558	SRS11653558	SRR17604786
SRS11653559	SRS11653559	SRR17604785
SRS11653560	SRS11653560	SRR17604784
SRS11653561	SRS11653561	SRR17604783
SRS11653562	SRS11653562	SRR17604782
SRS11653563	SRS11653563	SRR17604780
SRS11653564	SRS11653564	SRR17604781
SRS11653565	SRS11653565	SRR17604779
SRS11653566	SRS11653566	SRR17604778
SRS11653567	SRS11653567	SRR17604777
SRS11653568	SRS11653568	SRR17604776
SRS11653569	SRS11653569	SRR17604775
SRS11653570	SRS11653570	SRR17604774
SRS11653571	SRS11653571	SRR17604773
SRS11653572	SRS11653572	SRR17604772
SRS11653573	SRS11653573	SRR17604770
SRS11653574	SRS11653574	SRR17604771
SRS11653575	SRS11653575	SRR17604769
SRS11653576	SRS11653576	SRR17604768
SRS11653577	SRS11653577	SRR17604767
SRS11653578	SRS11653578	SRR17604766
SRS11653579	SRS11653579	SRR17604765
SRS11653580	SRS11653580	SRR17604764
SRS11653581	SRS11653581	SRR17604763
SRS11653582	SRS11653582	SRR17604761
SRS11653583	SRS11653583	SRR17604762
SRS11653584	SRS11653584	SRR17604760
SRS11653585	SRS11653585	SRR17604759
SRS11653586	SRS11653586	SRR17604758
SRS11653587	SRS11653587	SRR17604757
SRS11653588	SRS11653588	SRR17604754
SRS11653589	SRS11653589	SRR17604756
SRS11653590	SRS11653590	SRR17604755
SRS11653591	SRS11653591	SRR17604753
SRS11653592	SRS11653592	SRR17604752
SRS11653593	SRS11653593	SRR17604751
SRS11653594	SRS11653594	SRR17604750
SRS11653595	SRS11653595	SRR17604749
SRS11653596	SRS11653596	SRR17604748
SRS11653597	SRS11653597	SRR17604747
SRS11653598	SRS11653598	SRR17604746
SRS11653599	SRS11653599	SRR17604745
SRS11653600	SRS11653600	SRR17604744
SRS11653601	SRS11653601	SRR17604743
SRS11653602	SRS11653602	SRR17604742
SRS11653603	SRS11653603	SRR17604741
SRS11653604	SRS11653604	SRR17604740
SRS11653605	SRS11653605	SRR17604739
SRS11653606	SRS11653606	SRR17604738
SRS11653607	SRS11653607	SRR17604737
SRS11653608	SRS11653608	SRR17604735
SRS11653610	SRS11653610	SRR17604736
SRS11653612	SRS11653612	SRR17604732
SRS11653613	SRS11653613	SRR17604731
SRS15300786	SRS15300786	SRR23699578
SRS15300787	SRS15300787	SRR23699577,SRR23699566
SRS15300788	SRS15300788	SRR23699575
SRS15300789	SRS15300789	SRR23699574
SRS15300790	SRS15300790	SRR23699573
SRS15300791	SRS15300791	SRR23699572
SRS15300792	SRS15300792	SRR23699571
SRS15300793	SRS15300793	SRR23699570
SRS15300794	SRS15300794	SRR23699569
SRS15300795	SRS15300795	SRR23699568
SRS15300796	SRS15300796	SRR23699567
SRS15300797	SRS15300797	SRR23699565
SRS15300798	SRS15300798	SRR23699557
SRS15300799	SRS15300799	SRR23699564
SRS15300800	SRS15300800	SRR23699563
SRS15300801	SRS15300801	SRR23699562,SRR23699561
SRS15300802	SRS15300802	SRR23699560
SRS15300803	SRS15300803	SRR23699559
SRS15300804	SRS15300804	SRR23699558
SRS15300805	SRS15300805	SRR23699556
SRS15300806	SRS15300806	SRR23699555
SRS15300807	SRS15300807	SRR23699554
SRS15300808	SRS15300808	SRR23699553
SRS15300809	SRS15300809	SRR23699552
SRS15300810	SRS15300810	SRR23699551
SRS15300811	SRS15300811	SRR23699576
SRS2006287	SRS2006287	SRR5297130
SRS2006288	SRS2006288	SRR5297132
SRS2006289	SRS2006289	SRR5297133
SRS2006290	SRS2006290	SRR5297131
SRS4625232	SRS4625232	SRR8899230
SRS4625233	SRS4625233	SRR8899229
SRS4625234	SRS4625234	SRR8899228
SRS4625235	SRS4625235	SRR8899227
SRS4625236	SRS4625236	SRR8899226
SRS4625237	SRS4625237	SRR8899225
SRS4625238	SRS4625238	SRR8899224
SRS4625239	SRS4625239	SRR8899223
SRS4625240	SRS4625240	SRR8899222
SRS4625241	SRS4625241	SRR8899221
SRS4625242	SRS4625242	SRR8899220
SRS4625243	SRS4625243	SRR8899219
SRS4625244	SRS4625244	SRR8899218
SRS4625245	SRS4625245	SRR8899217
SRS4625246	SRS4625246	SRR8899216
SRS4625247	SRS4625247	SRR8899215
SRS4625248	SRS4625248	SRR8899214
SRS4625249	SRS4625249	SRR8899213
SRS4625250	SRS4625250	SRR8899212
SRS6212648	SRS6212648	SRR11176642
SRS6212649	SRS6212649	SRR11176641
SRS6212650	SRS6212650	SRR11176640
SRS6212651	SRS6212651	SRR11176639
SRS6212652	SRS6212652	SRR11176638
SRS6212654	SRS6212654	SRR11176636
SRS6212655	SRS6212655	SRR11176635
SRS6212656	SRS6212656	SRR11176634
SRS6212657	SRS6212657	SRR11176633
SRS6212658	SRS6212658	SRR11176632
SRS6212659	SRS6212659	SRR11176631
SRS6212660	SRS6212660	SRR11176630
SRS6212661	SRS6212661	SRR11176629
SRS6212662	SRS6212662	SRR11176628
SRS6212663	SRS6212663	SRR11176627
SRS6939170	SRS6939170	SRR12136713
SRS6939171	SRS6939171	SRR12136712
SRS7212787	SRS7212787	SRR12462947
SRS7212788	SRS7212788	SRR12462946
SRS7212789	SRS7212789	SRR12462945
SRS7212790	SRS7212790	SRR12462944
SRS7212791	SRS7212791	SRR12462943
SRS7212792	SRS7212792	SRR12462942
SRS7212793	SRS7212793	SRR12462941
SRS7212794	SRS7212794	SRR12462940
SRS7212795	SRS7212795	SRR12462939
SRS7212796	SRS7212796	SRR12462938
SRS7212797	SRS7212797	SRR12462937
SRS7212798	SRS7212798	SRR12462936
SRS7212799	SRS7212799	SRR12462935
SRS7212800	SRS7212800	SRR12462934
SRS7212801	SRS7212801	SRR12462933
SRS7212802	SRS7212802	SRR12462932
SRS7212803	SRS7212803	SRR12462931
SRS7212804	SRS7212804	SRR12462930
SRS7296485	SRS7296485	SRR12557008
SRS7296487	SRS7296487	SRR12557006
SRS7296488	SRS7296488	SRR12557007
SRS7890483	SRS7890483	SRR13263137
SRS7890484	SRS7890484	SRR13263138
SRS7890485	SRS7890485	SRR13263135
SRS7890486	SRS7890486	SRR13263136
SRS7890487	SRS7890487	SRR13263131
SRS7890488	SRS7890488	SRR13263134
SRS7890489	SRS7890489	SRR13263132
SRS7890490	SRS7890490	SRR13263133
SRS7890491	SRS7890491	SRR13263130
SRS7890492	SRS7890492	SRR13263127
SRS7890494	SRS7890494	SRR13263128
SRS7890495	SRS7890495	SRR13263126
SRS7890496	SRS7890496	SRR13263124
SRS7890498	SRS7890498	SRR13263123
SRS7890499	SRS7890499	SRR13263122
SRS7890501	SRS7890501	SRR13263119
SRS7890502	SRS7890502	SRR13263120
SRS7890503	SRS7890503	SRR13263117
SRS7890504	SRS7890504	SRR13263118
SRS7890505	SRS7890505	SRR13263116
SRS7967560	SRS7967560	SRR13355813
SRS7967561	SRS7967561	SRR13355812
SRS7967562	SRS7967562	SRR13355811
SRS7967563	SRS7967563	SRR13355810
SRS7967564	SRS7967564	SRR13355809
SRS7967565	SRS7967565	SRR13355808
SRS7967566	SRS7967566	SRR13355807
SRS7967567	SRS7967567	SRR13355806
SRS7967568	SRS7967568	SRR13355805
SRS7967569	SRS7967569	SRR13355804
SRS7967570	SRS7967570	SRR13355803
SRS7967571	SRS7967571	SRR13355802
SRS7967572	SRS7967572	SRR13355801
SRS7967573	SRS7967573	SRR13355800
SRS7967574	SRS7967574	SRR13355799
SRS7967575	SRS7967575	SRR13355798
SRS7967576	SRS7967576	SRR13355797
SRS7967577	SRS7967577	SRR13355796
SRS7967579	SRS7967579	SRR13355794
SRS7967581	SRS7967581	SRR13355792
SRS7967582	SRS7967582	SRR13355791
SRS7967583	SRS7967583	SRR13355790
SRS7967584	SRS7967584	SRR13355789
SRS7967586	SRS7967586	SRR13355787
SRS7967587	SRS7967587	SRR13355786
SRS7967588	SRS7967588	SRR13355785
SRS7967589	SRS7967589	SRR13355784
SRS9263816	SRS9263816	SRR14894177
SRS9263817	SRS9263817	SRR14894176
SRS9263818	SRS9263818	SRR14894174
SRS9263819	SRS9263819	SRR14894172
SRS9263820	SRS9263820	SRR14894173
SRS9263822	SRS9263822	SRR14894175
ERS4042406	ERS4042406,ERS4042407,ERS4042408,ERS4042409	ERR3728225,ERR3728226,ERR3728227,ERR3728228
ERS3774399	ERS3774399	ERR3579699
ERS3774426	ERS3774426	ERR3579700,ERR3579701
ERS3774427	ERS3774427	ERR3579702,ERR3579703
SRS473742	SRS473742,SRS473743,SRS473744,SRS473745	SRR957738,SRR957739,SRR957740,SRR957741
ERS3774432	ERS3774432	ERR3579704,ERR10114847
ERS3774407	ERS3774407	ERR3579705,ERR3579706
ERS3774476	ERS3774476	ERR3579707
ERS3774412	ERS3774412	ERR3579671,ERR3678173
ERS3774413	ERS3774413	ERR3579708
ERS3774414	ERS3774414	ERR3579709
ERS3774415	ERS3774415	ERR3579710
ERS3774416	ERS3774416	ERR3579711
ERS3774417	ERS3774417	ERR3579712
ERS3774418	ERS3774418	ERR3579672,ERR3678174
ERS2985742	ERS2985742,ERS3881508	ERR3003613,ERR3589317
ERS2985743	ERS2985743,ERS3881509	ERR3003614,ERR3589318
ERS2985744	ERS2985744,ERS3881510	ERR3003615,ERR3589319
ERS2985745	ERS2985745,ERS3881511	ERR3003616,ERR3589320
ERS3881512	ERS3881512	ERR3589321
ERS3881513	ERS3881513	ERR3589322
ERS2985746	ERS2985746,ERS3881514	ERR3003617,ERR3589323
ERS2985747	ERS2985747,ERS3881515	ERR3003618,ERR3589324
ERS2985748	ERS2985748,ERS3881516	ERR3003619,ERR3589325
ERS2985749	ERS2985749,ERS3881517	ERR3003620,ERR3589326
ERS2985750	ERS2985750,ERS3881518	ERR3003621,ERR3589327
ERS2985751	ERS2985751,ERS3881519	ERR3003622,ERR3589328
ERS2985752	ERS2985752,ERS3881520	ERR3003623,ERR3589329
ERS2985753	ERS2985753,ERS3881521	ERR3003624,ERR3589330
ERS2985754	ERS2985754,ERS3881522	ERR3003625,ERR3589331
ERS2985755	ERS2985755,ERS3881523	ERR3003626,ERR3589332
ERS2985756	ERS2985756,ERS3881524	ERR3003627,ERR3589333
ERS2985757	ERS2985757,ERS3881525	ERR3003628,ERR3589334
ERS2985758	ERS2985758,ERS3881526	ERR3003629,ERR3589335
ERS2985759	ERS2985759,ERS3881527	ERR3003630,ERR3589336
ERS2985760	ERS2985760,ERS3881528	ERR3003631,ERR3589337
ERS2985761	ERS2985761,ERS3881529	ERR3003632,ERR3589338
ERS2985762	ERS2985762,ERS3881530	ERR3003633,ERR3589339
ERS2985763	ERS2985763,ERS3881531	ERR3003634,ERR3589340
ERS2985764	ERS2985764,ERS3881532	ERR3003635,ERR3589341
ERS2985765	ERS2985765,ERS3881533	ERR3003636,ERR3589342
ERS2985766	ERS2985766,ERS3881534	ERR3003637,ERR3589343
ERS2985767	ERS2985767,ERS3881535	ERR3003638,ERR3589344
ERS2985768	ERS2985768,ERS3881536	ERR3003639,ERR3589345
ERS2985769	ERS2985769,ERS3881537	ERR3003640,ERR3589346
ERS2985770	ERS2985770,ERS3881538	ERR3003641,ERR3589347
ERS2985771	ERS2985771,ERS3881539	ERR3003642,ERR3589348
ERS2985772	ERS2985772,ERS3881540	ERR3003643,ERR3589349
ERS2985773	ERS2985773,ERS3881541	ERR3003644,ERR3589350
ERS2985774	ERS2985774,ERS3881542	ERR3003645,ERR3589351
ERS2985775	ERS2985775,ERS3881543	ERR3003646,ERR3589352
ERS2985776	ERS2985776,ERS3881544	ERR3003647,ERR3589353
ERS2985777	ERS2985777,ERS3881545	ERR3003648,ERR3589354
ERS2985778	ERS2985778,ERS3881546	ERR3003649,ERR3589355
ERS2985779	ERS2985779,ERS3881547	ERR3003650,ERR3589356
ERS2985780	ERS2985780,ERS3881548	ERR3003651,ERR3589357
ERS2985781	ERS2985781,ERS3881549	ERR3003652,ERR3589358
ERS2985782	ERS2985782,ERS3881550	ERR3003653,ERR3589359
ERS2985783	ERS2985783,ERS3881551	ERR3003654,ERR3589360
ERS2985784	ERS2985784,ERS3881552	ERR3003655,ERR3589361
ERS2985785	ERS2985785,ERS3881553	ERR3003656,ERR3589362
ERS3774400	ERS3774400	ERR3579713,ERR3579714
ERS3774428	ERS3774428	ERR3579715,ERR3579716
ERS3774429	ERS3774429	ERR3579717,ERR3579718
ERS3774466	ERS3774466	ERR3579719
ERS3774467	ERS3774467	ERR3579720
ERS3774401	ERS3774401	ERR3579721
ERS3774402	ERS3774402	ERR3579722,ERR3579723
ERS3774430	ERS3774430	ERR3579724,ERR3579725
ERS3774431	ERS3774431	ERR3579726,ERR3579727
ERS3774458	ERS3774458	ERR3579728,ERR3579729
ERS3774459	ERS3774459	ERR3579730,ERR10114848
ERS3774460	ERS3774460	ERR3579731,ERR3579732,ERR10114849
ERS3774461	ERS3774461	ERR3579733
ERS3774462	ERS3774462	ERR3579734
ERS3774463	ERS3774463	ERR3579735,ERR10114850
ERS3774464	ERS3774464	ERR3579736,ERR3579737
ERS3774471	ERS3774471	ERR3579738
ERS3774472	ERS3774472	ERR3579739
ERS3774473	ERS3774473	ERR3579740
ERS3774474	ERS3774474	ERR3579741
ERS3774475	ERS3774475	ERR3579742
ERS3774408	ERS3774408	ERR3579743,ERR3579744
ERS3774433	ERS3774433	ERR3579745,ERR10114851
ERS3774434	ERS3774434	ERR3579746,ERR3579747,ERR10114844,ERR10114852
ERS3774435	ERS3774435	ERR3579748,ERR10114853
ERS9656246	ERS9656246	ERR7919504,ERR7919532
ERS9656247	ERS9656247	ERR7919466,ERR7919502,ERR7919510,ERR7919533
ERS9656248	ERS9656248	ERR7919462,ERR7919498,ERR7919507,ERR7919526
ERS9656249	ERS9656249	ERR7919476,ERR7919480,ERR7919503,ERR7919522
ERS9656250	ERS9656250	ERR7919474,ERR7919475,ERR7919511,ERR7919516
ERS9656251	ERS9656251	ERR7919461,ERR7919495,ERR7919497,ERR7919527
ERS9656252	ERS9656252	ERR7919505,ERR7919525,ERR7919529,ERR7919535
ERS9656253	ERS9656253	ERR7919478,ERR7919508,ERR7919528,ERR7919536
ERS9656254	ERS9656254	ERR7919483,ERR7919519,ERR7919523,ERR7919537
ERS9656255	ERS9656255	ERR7919463,ERR7919485,ERR7919493,ERR7919538
ERS9656256	ERS9656256	ERR7919465,ERR7919470,ERR7919501,ERR7919539
ERS9656257	ERS9656257	ERR7919471,ERR7919496,ERR7919509,ERR7919540
ERS9656258	ERS9656258	ERR7919473,ERR7919482,ERR7919490,ERR7919541
ERS9656259	ERS9656259	ERR7919506,ERR7919514,ERR7919530,ERR7919542
ERS9656260	ERS9656260	ERR7919468,ERR7919472,ERR7919513,ERR7919543
ERS9656261	ERS9656261	ERR7919488,ERR7919489,ERR7919531,ERR7919544
ERS9656262	ERS9656262	ERR7919487,ERR7919494,ERR7919520,ERR7919534
ERS9656263	ERS9656263	ERR7919479,ERR7919500,ERR7919518,ERR7919521
ERS9656264	ERS9656264	ERR7919460,ERR7919467,ERR7919477,ERR7919491
ERS9656265	ERS9656265	ERR7919459,ERR7919481,ERR7919486,ERR7919515
ERS9656266	ERS9656266	ERR7919464,ERR7919499,ERR7919512,ERR7919517,ERR7919545,ERR7919643
ERS9656267	ERS9656267	ERR7919546,ERR7919644
ERS9656268	ERS9656268	ERR7919469,ERR7919484,ERR7919492,ERR7919524
ERS9656269	ERS9656269	ERR7919641,ERR7919642
ERS9656270	ERS9656270	ERR7919547,ERR7919645
ERS9656271	ERS9656271	ERR7919548,ERR7919646
SRS473746	SRS473746,SRS473747,SRS473748,SRS473749,SRS473750	SRR957743,SRR957742,SRR957744,SRR957745,SRR957746,ERR14111884,ERR14111888,ERR14111884,ERR14111888,ERR14111883,ERR14111887,ERR14111883,ERR14111887,ERR14111885,ERR14111889,ERR14111885,ERR14111889,ERR14111886,ERR14111890,ERR14111886,ERR14111890
ERS3774403	ERS3774403	ERR3579749
ERS3774404	ERS3774404	ERR3579750
ERS3774405	ERS3774405	ERR3579751
ERS3774436	ERS3774436	ERR3579752,ERR14129329,ERR14129332
ERS3774437	ERS3774437	ERR3579753,ERR14129330
ERS3774438	ERS3774438	ERR3579673,ERR3678727,ERR10114854
ERS3774439	ERS3774439	ERR3579674,ERR10114855,ERR10114845
ERS3774440	ERS3774440	ERR3579754,ERR10114856
ERS4545903	ERS4545903,ERS4545904,ERS4545905	ERR4172564,ERR4172565,ERR4172752,ERR4172754,ERR4172756,ERR4172758,ERR4172761,ERR4172763,ERR4172766,ERR4172783,ERR4172788,ERR4173082
ERS4545906	ERS4545906,ERS4545907,ERS4545908	ERR4172789,ERR4172797,ERR4172799,ERR4172800,ERR4172802,ERR4172804,ERR4172806,ERR4172808,ERR4172809,ERR4172811,ERR4172813,ERR4172814
ERS3774409	ERS3774409	ERR3579755,ERR3579756
ERS3774410	ERS3774410	ERR3579757,ERR3579758
ERS3774419	ERS3774419	ERR3579759,ERR3579760,ERR3579761
ERS3774420	ERS3774420	ERR3579762,ERR14128650
ERS3774421	ERS3774421	ERR3579763,ERR3579764,ERR3579765
ERS3774422	ERS3774422	ERR3579675,ERR3579766,ERR3579767
ERS3774423	ERS3774423	ERR3579768,ERR14128651
ERS3774424	ERS3774424	ERR3579769,ERR14128652
ERS3774425	ERS3774425	ERR3579770,ERR3579771,ERR3579772
ERS3774477	ERS3774477	ERR3579773
ERS3774478	ERS3774478	ERR3579774
ERS3774479	ERS3774479	ERR3579775
ERS3774406	ERS3774406	ERR3579676,ERR3678175
ERS3774465	ERS3774465	ERR3579677,ERR3579678,ERR3678176,ERR3678177
ERS3774383	ERS3774383	ERR3579679,ERR3678178,ERR14128653,ERR14128653
ERS3774384	ERS3774384	ERR3579776,ERR14128654
ERS3774385	ERS3774385	ERR3579777
ERS3774386	ERS3774386	ERR3579680,ERR3678179
ERS3774387	ERS3774387	ERR3579778,ERR14128655
ERS3774388	ERS3774388	ERR3579779
ERS3774389	ERS3774389	ERR3579780
ERS3774390	ERS3774390	ERR3579781
ERS3774391	ERS3774391	ERR3579782,ERR3579783,ERR3906046
ERS3774398	ERS3774398	ERR3579681,ERR3678180,ERR14128656,ERR14128656
ERS3774392	ERS3774392	ERR3579682,ERR3678181
ERS3774393	ERS3774393	ERR3579683,ERR3678182
ERS3774394	ERS3774394	ERR3579684,ERR3678183
ERS3774395	ERS3774395	ERR3579685,ERR3678184,ERR14128657,ERR14128657
ERS3774396	ERS3774396	ERR3579686,ERR3678185
ERS3774397	ERS3774397	ERR3579687,ERR3678186
ERS3774446	ERS3774446	ERR3579784
ERS3774447	ERS3774447	ERR3579785,ERR3579786
ERS3774448	ERS3774448	ERR3579787
ERS3774449	ERS3774449	ERR3579788
ERS3774450	ERS3774450	ERR3579789,ERR3579790
ERS3774468	ERS3774468	ERR3579791,ERR10114857
ERS3774378	ERS3774378	ERR3579792,ERR3579793
ERS3774379	ERS3774379	ERR3579794,ERR3579795
ERS3774380	ERS3774380	ERR3579796,ERR3579797
ERS3774381	ERS3774381	ERR3579798
ERS3774382	ERS3774382	ERR3579799
ERS3774441	ERS3774441	ERR3579688,ERR3678187,ERR10114846,ERR10114858
ERS3774469	ERS3774469	ERR3579800,ERR10114859
ERS3774480	ERS3774480	ERR3579801
ERS3774481	ERS3774481	ERR3579802
ERS3774482	ERS3774482	ERR3579803
ERS3774483	ERS3774483	ERR3579804
ERS3774484	ERS3774484	ERR3579805
ERS22873782	ERS22873782,ERS22873783,ERS22873784,ERS22873785	ERR14111892,ERR14111893,ERR14111894,ERR14111895
ERS3774470	ERS3774470	ERR3579806,ERR10114860
ERS4545915	ERS4545915	ERR4172835,ERR4172836,ERR4172838,ERR4172839
ERS4545918	ERS4545918	ERR4172817,ERR4172819,ERR4172823,ERR4172827
ERS4545919	ERS4545919	ERR4172829,ERR4172830,ERR4172832,ERR4172834
ERS4545916	ERS4545916	ERR4172841,ERR4172843,ERR4172850,ERR4172854
ERS4545917	ERS4545917	ERR4172855,ERR4172857,ERR4172860,ERR4172872
ERS4042419	ERS4042419,ERS4042420,ERS4042421,ERS4042422	ERR3728238,ERR3728239,ERR3728240,ERR3728241
ERS4042423	ERS4042423,ERS4042424,ERS4042425,ERS4042426	ERR3728242,ERR3728243,ERR3728244,ERR3728245
ERS4042427	ERS4042427,ERS4042428,ERS4042429,ERS4042430	ERR3728246,ERR3728247,ERR3728248,ERR3728249
ERS4042431	ERS4042431,ERS4042432,ERS4042433,ERS4042434	ERR3728250,ERR3728251,ERR3728252,ERR3728253
ERS22873794	ERS22873794	ERR14111904,ERR14111905
ERS22873795	ERS22873795	ERR14111906,ERR14111907
ERS22873796	ERS22873796	ERR14111908,ERR14111909
ERS3774442	ERS3774442	ERR3579807,ERR10114861
ERS3774443	ERS3774443	ERR3579808,ERR10114862,ERR10114863
ERS3774451	ERS3774451	ERR3579809,ERR3579810
ERS3774452	ERS3774452	ERR3579811
ERS3774453	ERS3774453	ERR3579812
ERS3774454	ERS3774454	ERR3579813,ERR3579814
ERS3774455	ERS3774455	ERR3579815,ERR3579816
ERS3774456	ERS3774456	ERR3579817
ERS3774457	ERS3774457	ERR3579818
ERS4545912	ERS4545912	ERR4172978,ERR4172979,ERR4172981,ERR4172982
ERS4545913	ERS4545913	ERR4172991,ERR4173008,ERR4173033,ERR4173038
ERS4545909	ERS4545909	ERR4173039,ERR4173041,ERR4173043,ERR4173045
ERS4545910	ERS4545910	ERR4173049,ERR4173051,ERR4173057,ERR4173060
ERS4545911	ERS4545911	ERR4173061,ERR4173063,ERR4173066,ERR4173068
ERS4545914	ERS4545914	ERR4173070,ERR4173072,ERR4173073,ERR4173075
ERS3774444	ERS3774444	ERR3579827,ERR10114864
ERS3774411	ERS3774411	ERR3579828,ERR3579829
ERS4042435	ERS4042435,ERS4042436,ERS4042437,ERS4042438	ERR3728254,ERR3728255,ERR3728256,ERR3728257
ERS3774445	ERS3774445	ERR3579830,ERR10114866,ERR10114865
SRS3078201	SRS3078201,SRS3078202	SRR6877286,SRR6877287
SRS3078204	SRS3078204,SRS3078203	SRR6877284,SRR6877285
SRS3078198	SRS3078198,SRS3078196	SRR6877290,SRR6877291
SRS3078200	SRS3078200,SRS3078161	SRR6877288,SRR6877325
SRS3078195	SRS3078195,SRS3078189	SRR6877292,SRR6877298
SRS3078181	SRS3078181,SRS3078180	SRR6877323,SRR6877306
SRS3078183	SRS3078183,SRS3078182,SRS3078177	SRR6877304,SRR6877305,SRR6877309
SRS3078176	SRS3078176,SRS3078179	SRR6877392,SRR6877307
SRS3078178	SRS3078178,SRS3078184	SRR6877308,SRR6877302
SRS3078185	SRS3078185,SRS3078114	SRR6877303,SRR6877373
SRS3078115	SRS3078115,SRS3078117,SRS3078110,SRS3078116	SRR6877372,SRR6877370,SRR6877377,SRR6877371
SRS3078111	SRS3078111,SRS3078112	SRR6877376,SRR6877375
SRS3078113	SRS3078113,SRS3078108	SRR6877374,SRR6877379
SRS3078109	SRS3078109,SRS3078099,SRS3078098,SRS3078100	SRR6877378,SRR6877388,SRR6877389,SRR6877387
SRS3078097	SRS3078097,SRS3078104,SRS3078102,SRS3078103	SRR6877390,SRR6877384,SRR6877385,SRR6877383
SRS3078101	SRS3078101,SRS3078106	SRR6877386,SRR6877381
SRS3078105	SRS3078105,SRS3078132	SRR6877382,SRR6877355
SRS3078133	SRS3078133,SRS3078130	SRR6877354,SRR6877357
SRS3078131	SRS3078131,SRS3078137,SRS3078135,SRS3078136	SRR6877356,SRR6877350,SRR6877353,SRR6877351
SRS3078134	SRS3078134,SRS3078129,SRS3078121,SRS3078128	SRR6877352,SRR6877358,SRR6877366,SRR6877359
SRS3078120	SRS3078120,SRS3078123	SRR6877367,SRR6877364
SRS3078122	SRS3078122,SRS3078125	SRR6877365,SRR6877362
SRS3078124	SRS3078124,SRS3078127	SRR6877363,SRR6877360
SRS3078126	SRS3078126,SRS3078119	SRR6877361,SRR6877368
SRS3078118	SRS3078118	SRR6877369
SRS3078148	SRS3078148,SRS3078149	SRR6877338,SRR6877337
SRS3078150	SRS3078150,SRS3078152	SRR6877336,SRR6877335
SRS3078151	SRS3078151,SRS3078153	SRR6877334,SRR6877333
SRS3078155	SRS3078155,SRS3078154	SRR6877332,SRR6877331
SRS3078156	SRS3078156,SRS3078146,SRS3078143,SRS3078157	SRR6877330,SRR6877342,SRR6877343,SRR6877329
SRS3078197	SRS3078197,SRS3078141,SRS3078140,SRS3078142	SRR6877344,SRR6877346,SRR6877347,SRR6877345
SRS3078139	SRS3078139,SRS3078145,SRS3078144,SRS3078138	SRR6877348,SRR6877340,SRR6877341,SRR6877349
SRS3078093	SRS3078093,SRS3078094	SRR6877395,SRR6877394
SRS3078091	SRS3078091,SRS3078089,SRS3078090,SRS3078092	SRR6877397,SRR6877399,SRR6877398,SRR6877396
SRS3078087	SRS3078087,SRS3078085,SRS3078086,SRS3078088	SRR6877401,SRR6877403,SRR6877402,SRR6877400
SRS3078193	SRS3078193,SRS3078190	SRR6877294,SRR6877295
SRS3078158	SRS3078158,SRS3078147,SRS3078188,SRS3078194	SRR6877328,SRR6877339,SRR6877299,SRR6877293
SRS3078192	SRS3078192,SRS3078187,SRS3078186,SRS3078191	SRR6877296,SRR6877300,SRR6877301,SRR6877297
SRS3078170	SRS3078170,SRS3078169	SRR6877316,SRR6877315
SRS3078167	SRS3078167,SRS3078168	SRR6877318,SRR6877317
SRS3078165	SRS3078165,SRS3078166	SRR6877320,SRR6877319
SRS3078163	SRS3078163,SRS3078172,SRS3078164,SRS3078107	SRR6877322,SRR6877313,SRR6877321,SRR6877380
SRS3078173	SRS3078173,SRS3078171	SRR6877312,SRR6877314
SRS3078175	SRS3078175,SRS3078174	SRR6877310,SRR6877311
SRS3078160	SRS3078160,SRS3078159	SRR6877326,SRR6877327
SRS3078162	SRS3078162,SRS3078199	SRR6877324,SRR6877289
SRS3078206	SRS3078206,SRS3078205	SRR6877282,SRR6877283
SRS3078095	SRS3078095,SRS3078096	SRR6877393,SRR6877391
ERS3636033	ERS3636033,ERS3636043	ERR4373997,ERR4374001,ERR4373119
ERS3636044	ERS3636044	ERR4373134
ERS3636092	ERS3636092,ERS3636091,ERS3635912,ERS3636090	ERR4386464,ERR4413529,ERR4373146,ERR4373979
ERS3636013	ERS3636013	ERR4373153
ERS3636007	ERS3636007,ERS3636014,ERS3636102,ERS3636103	ERR4374867,ERR4373159,ERR4391166,ERR4391165
ERS6636154	ERS6636154,ERS6636155,ERS6636156,ERS6636157,ERS6636158,ERS6636159,ERS6636160,ERS6636161,ERS6636162,ERS6636163,ERS6636164,ERS6636165,ERS6636166,ERS6636167,ERS6636168,ERS6636169,ERS6636170,ERS6636171,ERS6636172,ERS6636173	ERR6178958,ERR6178959,ERR6178960,ERR6178961,ERR6178962,ERR6178963,ERR6178964,ERR6178965,ERR6178966,ERR6178967,ERR6178968,ERR6178969,ERR6178970,ERR6178971,ERR6178972,ERR6178973,ERR6178974,ERR6178975,ERR6178976,ERR6178977,ERR6178978,ERR6178979,ERR6178980,ERR6178981,ERR6178982,ERR6178983,ERR6178984,ERR6178985,ERR6178986,ERR6178987,ERR6178988
ERS6636085	ERS6636085,ERS6636086,ERS6636087,ERS6636088,ERS6636089,ERS6636130,ERS6636131,ERS6636132,ERS6636133,ERS6636134,ERS6636135,ERS6636136,ERS6636137,ERS6636138,ERS6636139,ERS6636140,ERS6636141,ERS6636142,ERS6636143,ERS6636144,ERS6636145,ERS6636146,ERS6636147,ERS6636148,ERS6636149,ERS6636150,ERS6636151,ERS6636152,ERS6636153	ERR6178850,ERR6178851,ERR6178852,ERR6178853,ERR6178854,ERR6178855,ERR6178856,ERR6178857,ERR6178923,ERR6178924,ERR6178925,ERR6178926,ERR6178927,ERR6178928,ERR6178929,ERR6178930,ERR6178931,ERR6178932,ERR6178933,ERR6178934,ERR6178935,ERR6178936,ERR6178937,ERR6178938,ERR6178939,ERR6178940,ERR6178941,ERR6178942,ERR6178943,ERR6178944,ERR6178945,ERR6178946,ERR6178947,ERR6178948,ERR6178949,ERR6178950,ERR6178951,ERR6178952,ERR6178953,ERR6178954,ERR6178955,ERR6178956,ERR6178957
ERS6636090	ERS6636090,ERS6636091,ERS6636092,ERS6636093,ERS6636094,ERS6636095,ERS6636096,ERS6636097,ERS6636098,ERS6636105,ERS6636106,ERS6636107,ERS6636108,ERS6636109,ERS6636110,ERS6636111,ERS6636112,ERS6636113	ERR6178858,ERR6178859,ERR6178860,ERR6178861,ERR6178862,ERR6178863,ERR6178864,ERR6178865,ERR6178866,ERR6178867,ERR6178868,ERR6178869,ERR6178870,ERR6178871,ERR6178872,ERR6178873,ERR6178882,ERR6178883,ERR6178884,ERR6178885,ERR6178886,ERR6178887,ERR6178888,ERR6178889,ERR6178890,ERR6178891,ERR6178892,ERR6178893,ERR6178894,ERR6178895
ERS6636099	ERS6636099,ERS6636100,ERS6636101,ERS6636102,ERS6636103,ERS6636104,ERS6636115,ERS6636116,ERS6636117,ERS6636118,ERS6636119,ERS6636120,ERS6636121,ERS6636122,ERS6636123,ERS6636124,ERS6636125,ERS6636126,ERS6636127,ERS6636128	ERR6178874,ERR6178875,ERR6178876,ERR6178877,ERR6178878,ERR6178879,ERR6178880,ERR6178881,ERR6178897,ERR6178898,ERR6178899,ERR6178900,ERR6178901,ERR6178902,ERR6178903,ERR6178904,ERR6178905,ERR6178906,ERR6178907,ERR6178908,ERR6178909,ERR6178910,ERR6178911,ERR6178912,ERR6178913,ERR6178914,ERR6178915,ERR6178916,ERR6178917,ERR6178918,ERR6178919,ERR6178920,ERR6178921
ERS15409338	ERS15409338	ERR11413657
ERS15409339	ERS15409339	ERR11413658
ERS15409340	ERS15409340	ERR11413659
ERS15409341	ERS15409341	ERR11413660
ERS15409342	ERS15409342	ERR11413661
ERS15409343	ERS15409343	ERR11413662
ERS15409344	ERS15409344	ERR11413663
ERS15409345	ERS15409345	ERR11413664
ERS15409346	ERS15409346	ERR11413665
ERS15409347	ERS15409347	ERR11413666
ERS15409348	ERS15409348	ERR11413667
ERS15409349	ERS15409349	ERR11413668
ERS15409350	ERS15409350	ERR11413669
ERS15409351	ERS15409351	ERR11413670
ERS15409352	ERS15409352	ERR11413671
ERS15409353	ERS15409353	ERR11413672
ERS15409354	ERS15409354	ERR11413673
ERS15409355	ERS15409355	ERR11413674
ERS15409356	ERS15409356	ERR11413675
ERS15409357	ERS15409357	ERR11413676
ERS15409358	ERS15409358	ERR11413677
ERS15409359	ERS15409359	ERR11413678
ERS15409360	ERS15409360	ERR11413679
ERS15409361	ERS15409361	ERR11413680
ERS15409362	ERS15409362	ERR11413681
ERS15409363	ERS15409363	ERR11413682
ERS15409364	ERS15409364	ERR11413683
ERS15409365	ERS15409365	ERR11413684
ERS15409366	ERS15409366	ERR11413685
ERS15409367	ERS15409367	ERR11413686
ERS15409368	ERS15409368	ERR11413687
ERS15409369	ERS15409369	ERR11413688
ERS15409370	ERS15409370	ERR11413689
ERS15409371	ERS15409371	ERR11413690
ERS15409372	ERS15409372	ERR11413691
ERS15409373	ERS15409373	ERR11413692
ERS15409374	ERS15409374	ERR11413693
ERS15409375	ERS15409375	ERR11413694
ERS15409376	ERS15409376	ERR11413695
ERS15409377	ERS15409377	ERR11413696
ERS15409378	ERS15409378	ERR11413697
ERS15409379	ERS15409379	ERR11413698
ERS15409380	ERS15409380	ERR11413699
ERS15409381	ERS15409381	ERR11413700
ERS15409382	ERS15409382	ERR11413701
ERS15409383	ERS15409383	ERR11413702
ERS15409384	ERS15409384	ERR11413703
ERS15409385	ERS15409385	ERR11413704
ERS15409386	ERS15409386	ERR11413705
ERS15409387	ERS15409387	ERR11413706
ERS15409388	ERS15409388	ERR11413707
ERS15409389	ERS15409389	ERR11413708
ERS15409390	ERS15409390	ERR11413709
ERS15409391	ERS15409391	ERR11413710
ERS15409392	ERS15409392	ERR11413711
ERS15409393	ERS15409393	ERR11413712
ERS15409394	ERS15409394	ERR11413713
ERS15409395	ERS15409395	ERR11413714
ERS15409396	ERS15409396	ERR11413715
ERS15409397	ERS15409397	ERR11413716
ERS15409398	ERS15409398	ERR11413717
ERS15409399	ERS15409399	ERR11413718
ERS15409400	ERS15409400	ERR11413719
ERS15409401	ERS15409401	ERR11413720
ERS15409402	ERS15409402	ERR11413721
ERS15409403	ERS15409403	ERR11413722
ERS15409404	ERS15409404	ERR11413723
ERS15409405	ERS15409405	ERR11413724
ERS15409406	ERS15409406	ERR11413725
ERS15409407	ERS15409407	ERR11413726
ERS15409408	ERS15409408	ERR11413727
ERS15409409	ERS15409409	ERR11413728
ERS15409410	ERS15409410	ERR11413729
ERS15409412	ERS15409412	ERR11413731
ERS15409413	ERS15409413	ERR11413732
ERS15409415	ERS15409415	ERR11413734
ERS15409416	ERS15409416	ERR11413735
ERS15409417	ERS15409417	ERR11413736
ERS15409418	ERS15409418	ERR11413737
ERS15409419	ERS15409419	ERR11413738
ERS15409420	ERS15409420	ERR11413739
ERS15409421	ERS15409421	ERR11413740
ERS15409422	ERS15409422	ERR11413741
ERS15409423.1	ERS15409423	ERR11413742
ERS15409423.2	ERS15409423	ERR11413743
ERS15409424	ERS15409424	ERR11413744
ERS15409425	ERS15409425	ERR11413745
ERS15409426	ERS15409426	ERR11413746
ERS15409427	ERS15409427	ERR11413747
ERS15409428	ERS15409428	ERR11413748
ERS15409429.1	ERS15409429	ERR11413749
ERS15409429.2	ERS15409429	ERR11413750
ERS15409430	ERS15409430	ERR11413751
ERS15409431	ERS15409431	ERR11413752
ERS15409432	ERS15409432	ERR11413753
ERS15409433	ERS15409433	ERR11413754
ERS15409434	ERS15409434	ERR11413755
ERS15409435	ERS15409435	ERR11413756
ERS15409436	ERS15409436	ERR11413757
ERS15409437	ERS15409437	ERR11413758
ERS15409438	ERS15409438	ERR11413759
ERS15977448	ERS15977448	ERR11656730
ERS15977449	ERS15977449	ERR11656731
ERS15977450	ERS15977450	ERR11656732
ERS15977451	ERS15977451	ERR11656733
ERS15977452	ERS15977452	ERR11656734
ERS15977453	ERS15977453	ERR11656735
ERS15977454	ERS15977454	ERR11656736
ERS15977455	ERS15977455	ERR11656737
ERS15977456	ERS15977456	ERR11656738
