secondary_sample_accession	submission_accession	analysis_accession
ERS11702721	ERA35393178	ERZ28769881
ERS11702722	ERA35393216	ERZ28769917
ERS11702723	ERA35393223	ERZ28769924
ERS11702724	ERA35393227	ERZ28769928
ERS11702725	ERA35393186	ERZ28769889
ERS11702726	ERA35393204	ERZ28769905
ERS11702727	ERA35393219	ERZ28769920
ERS11702728	ERA35393266	ERZ28769966
ERS11702729	ERA35393243	ERZ28769944
ERS11702730	ERA35393180	ERZ28769883
ERS11702731	ERA35393274	ERZ28769973
ERS11702732	ERA35393220	ERZ28769921
ERS11702733	ERA35393182	ERZ28769885
ERS11702734	ERA35393196	ERZ28769898
ERS11702735	ERA35393190	ERZ28769892
ERS11702736	ERA35393194	ERZ28769896
ERS11702737	ERA35393270	ERZ28769969
ERS11702738	ERA35393273	ERZ28769972
ERS11702739	ERA35393252	ERZ28769952
ERS11702740	ERA35393259	ERZ28769959
ERS11702741	ERA35393201	ERZ28769902
ERS11702742	ERA35393224	ERZ28769925
ERS11702743	ERA35393213	ERZ28769914
ERS11702744	ERA35393239	ERZ28769940
ERS11702745	ERA35393229	ERZ28769930
ERS11702746	ERA35393249	ERZ28769950
ERS11702747	ERA35393257	ERZ28769957
ERS11702748	ERA35393198	ERZ28769900
ERS11702749	ERA35393234	ERZ28769935
ERS11702750	ERA35393209	ERZ28769910
ERS11702751	ERA35393235	ERZ28769936
ERS11702752	ERA35393264	ERZ28769964
ERS11702753	ERA35393248	ERZ28769949
ERS11702754	ERA35393256	ERZ28769956
ERS11702755	ERA35393202	ERZ28769903
ERS11702756	ERA35393238	ERZ28769939
ERS11702757	ERA35393208	ERZ28769909
ERS11702758	ERA35393231	ERZ28769932
ERS11702759	ERA35393263	ERZ28769963
ERS11702760	ERA35393247	ERZ28769948
ERS11702761	ERA35393181	ERZ28769884
ERS11702762	ERA35393206	ERZ28769907
ERS11702763	ERA35393189	ERZ28769891
ERS11702764	ERA35393192	ERZ28769894
ERS11702765	ERA35393228	ERZ28769929
ERS11702766	ERA35393262	ERZ28769962
ERS11702767	ERA35393246	ERZ28769947
ERS11702768	ERA35393255	ERZ28769955
ERS11702769	ERA35393260	ERZ28769960
ERS11702770	ERA35393240	ERZ28769941
ERS11702771	ERA35393212	ERZ28769913
ERS11702772	ERA35393230	ERZ28769931
ERS11702773	ERA35393261	ERZ28769961
ERS11702774	ERA35393245	ERZ28769946
ERS11702775	ERA35393254	ERZ28769954
ERS11702776	ERA35393271	ERZ28769970
ERS11702777	ERA35393207	ERZ28769908
ERS11702778	ERA35393214	ERZ28769915
ERS11702779	ERA35393225	ERZ28769926
ERS11702780	ERA35393244	ERZ28769945
ERS11702781	ERA35393185	ERZ28769888
ERS11702782	ERA35393272	ERZ28769971
ERS11702783	ERA35393205	ERZ28769906
ERS11702784	ERA35393218	ERZ28769919
ERS11702785	ERA35393217	ERZ28769918
ERS11702786	ERA35393267	ERZ28769967
ERS11702787	ERA35393226	ERZ28769927
ERS11702788	ERA35393179	ERZ28769882
ERS11702789	ERA35393183	ERZ28769886
ERS11702790	ERA35393193	ERZ28769895
ERS11702791	ERA35393191	ERZ28769893
ERS11702792	ERA35393195	ERZ28769897
ERS11702793	ERA35393268	ERZ28769968
ERS11702794	ERA35393242	ERZ28769943
ERS11702795	ERA35393253	ERZ28769953
ERS11702796	ERA35393275	ERZ28769974
ERS11702797	ERA35393203	ERZ28769904
ERS11702798	ERA35393222	ERZ28769923
ERS11702799	ERA35393215	ERZ28769916
ERS11702800	ERA35393241	ERZ28769942
ERS11702801	ERA35393265	ERZ28769965
ERS11702802	ERA35393251	ERZ28769951
ERS11702803	ERA35393258	ERZ28769958
ERS11702804	ERA35393200	ERZ28769901
ERS11702805	ERA35393232	ERZ28769933
ERS11702806	ERA35393211	ERZ28769912
ERS11702807	ERA35393237	ERZ28769938
ERS11702808	ERA35393221	ERZ28769922
ERS11702809	ERA35393184	ERZ28769887
ERS11702810	ERA35393188	ERZ28769890
ERS11702811	ERA35393197	ERZ28769899
ERS11702812	ERA35393236	ERZ28769937
ERS11702813	ERA35393210	ERZ28769911
ERS11702814	ERA35393233	ERZ28769934
ERS13439323	ERA35425121	ERZ28780960
ERS13439324	ERA35425122	ERZ28780961
ERS15409338	ERA35451329	ERZ28783668
ERS15409339	ERA35451383	ERZ28783711
ERS15409340	ERA35451343	ERZ28783677
ERS15409341	ERA35451403	ERZ28783726
ERS15409342	ERA35451333	ERZ28783670
ERS15409343	ERA35451302	ERZ28783646
ERS15409344	ERA35451375	ERZ28783705
ERS15409345	ERA35451346	ERZ28783680
ERS15409346	ERA35451404	ERZ28783727
ERS15409347	ERA35451328	ERZ28783667
ERS15409348	ERA35451301	ERZ28783645
ERS15409349	ERA35451310	ERZ28783651
ERS15409350	ERA35451401	ERZ28783724
ERS15409351	ERA35451386	ERZ28783713
ERS15409352	ERA35451370	ERZ28783700
ERS15409353	ERA35451364	ERZ28783695
ERS15409354	ERA35451312	ERZ28783653
ERS15409355	ERA35451365	ERZ28783696
ERS15409356	ERA35451394	ERZ28783718
ERS15409357	ERA35451332	ERZ28783669
ERS15409358	ERA35451388	ERZ28783715
ERS15409359	ERA35451349	ERZ28783683
ERS15409360	ERA35451382	ERZ28783710
ERS15409361	ERA35451299	ERZ28783643
ERS15409363	ERA35451334	ERZ28783671
ERS15409364	ERA35451323	ERZ28783663
ERS15409365	ERA35451352	ERZ28783685
ERS15409366	ERA35451395	ERZ28783719
ERS15409367	ERA35451348	ERZ28783682
ERS15409368	ERA35451381	ERZ28783709
ERS15409369	ERA35451316	ERZ28783657
ERS15409370	ERA35451406	ERZ28783729
ERS15409371	ERA35451295	ERZ28783639
ERS15409372	ERA35451353	ERZ28783686
ERS15409373	ERA35451308	ERZ28783649
ERS15409374	ERA35451361	ERZ28783693
ERS15409375	ERA35451399	ERZ28783722
ERS15409376	ERA35451311	ERZ28783652
ERS15409377	ERA35451337	ERZ28783673
ERS15409378	ERA35451325	ERZ28783665
ERS15409379	ERA35451345	ERZ28783679
ERS15409380	ERA35451377	ERZ28783706
ERS15409385	ERA35451347	ERZ28783681
ERS15409386	ERA35451372	ERZ28783702
ERS15409387	ERA35451319	ERZ28783660
ERS15409388	ERA35451342	ERZ28783676
ERS15409389	ERA35451400	ERZ28783723
ERS15409391	ERA35451340	ERZ28783675
ERS15409392	ERA35451338	ERZ28783674
ERS15409393	ERA35451374	ERZ28783704
ERS15409394	ERA35451389	ERZ28783716
ERS15409395	ERA35451315	ERZ28783656
ERS15409396	ERA35451402	ERZ28783725
ERS15409397	ERA35451398	ERZ28783721
ERS15409398	ERA35451387	ERZ28783714
ERS15409399	ERA35451378	ERZ28783707
ERS15409400	ERA35451373	ERZ28783703
ERS15409401	ERA35451290	ERZ28783636
ERS15409402	ERA35451313	ERZ28783654
ERS15409403	ERA35451357	ERZ28783690
ERS15409404	ERA35451326	ERZ28783666
ERS15409405	ERA35451306	ERZ28783648
ERS15409406	ERA35451305	ERZ28783647
ERS15409407	ERA35451371	ERZ28783701
ERS15409408	ERA35451408	ERZ28783730
ERS15409409	ERA35451320	ERZ28783661
ERS15409410	ERA35451335	ERZ28783672
ERS15409412	ERA35451324	ERZ28783664
ERS15409413	ERA35451366	ERZ28783697
ERS15409415	ERA35451355	ERZ28783688
ERS15409416	ERA35451369	ERZ28783699
ERS15409417	ERA35451322	ERZ28783662
ERS15409418	ERA35451314	ERZ28783655
ERS15409419	ERA35451360	ERZ28783692
ERS15409420	ERA35451396	ERZ28783720
ERS15409421	ERA35451344	ERZ28783678
ERS15409422	ERA35451298	ERZ28783642
ERS15409423.1	ERA35452664	ERZ28783907
ERS15409423.2	ERA35452670	ERZ28783910
ERS15409424	ERA35451367	ERZ28783698
ERS15409425	ERA35451297	ERZ28783641
ERS15409426	ERA35451300	ERZ28783644
ERS15409427	ERA35451356	ERZ28783689
ERS15409428	ERA35451390	ERZ28783717
ERS15409429.1	ERA35452668	ERZ28783909
ERS15409429.2	ERA35452665	ERZ28783908
ERS15409430	ERA35451358	ERZ28783691
ERS15409431	ERA35451363	ERZ28783694
ERS15409432	ERA35451292	ERZ28783637
ERS15409433	ERA35451379	ERZ28783708
ERS15409434	ERA35451317	ERZ28783658
ERS15409435	ERA35451405	ERZ28783728
ERS15409436	ERA35451293	ERZ28783638
ERS15409437	ERA35451354	ERZ28783687
ERS15409438	ERA35451309	ERZ28783650
ERS22873782	ERA35443468	ERZ28783120
ERS22873794	ERA35443462	ERZ28783118
ERS22873795	ERA35443427	ERZ28783116
ERS22873796	ERA35443428	ERZ28783117
ERS26854147	ERA35442668	ERZ28782979
ERS26854148	ERA35442669	ERZ28782980
ERS26854149	ERA35442665	ERZ28782977
ERS26854150	ERA35442667	ERZ28782978
ERS2985742	ERA35438014	ERZ28781944
ERS2985743	ERA35438050	ERZ28781980
ERS2985744	ERA35438020	ERZ28781950
ERS2985745	ERA35438049	ERZ28781979
ERS2985746	ERA35438037	ERZ28781967
ERS2985747	ERA35438016	ERZ28781946
ERS2985748	ERA35438051	ERZ28781981
ERS2985749	ERA35438013	ERZ28781943
ERS2985750	ERA35438030	ERZ28781960
ERS2985751	ERA35438031	ERZ28781961
ERS2985752	ERA35438035	ERZ28781965
ERS2985753	ERA35438017	ERZ28781947
ERS2985754	ERA35438053	ERZ28781983
ERS2985755	ERA35438036	ERZ28781966
ERS2985756	ERA35438052	ERZ28781982
ERS2985757	ERA35438026	ERZ28781956
ERS2985758	ERA35438029	ERZ28781959
ERS2985759	ERA35438040	ERZ28781970
ERS2985760	ERA35438023	ERZ28781953
ERS2985761	ERA35438022	ERZ28781952
ERS2985762	ERA35438043	ERZ28781973
ERS2985763	ERA35438039	ERZ28781969
ERS2985764	ERA35438042	ERZ28781972
ERS2985765	ERA35438028	ERZ28781958
ERS2985766	ERA35438054	ERZ28781984
ERS2985767	ERA35438032	ERZ28781962
ERS2985768	ERA35438015	ERZ28781945
ERS2985769	ERA35438047	ERZ28781977
ERS2985770	ERA35438056	ERZ28781986
ERS2985771	ERA35438048	ERZ28781978
ERS2985772	ERA35438027	ERZ28781957
ERS2985773	ERA35438033	ERZ28781963
ERS2985774	ERA35438019	ERZ28781949
ERS2985775	ERA35438041	ERZ28781971
ERS2985776	ERA35438034	ERZ28781964
ERS2985777	ERA35438024	ERZ28781954
ERS2985778	ERA35438046	ERZ28781976
ERS2985779	ERA35438025	ERZ28781955
ERS2985780	ERA35438055	ERZ28781985
ERS2985781	ERA35438038	ERZ28781968
ERS2985782	ERA35438018	ERZ28781948
ERS2985783	ERA35438045	ERZ28781975
ERS2985784	ERA35438021	ERZ28781951
ERS2985785	ERA35438044	ERZ28781974
ERS3636007	ERA35439275	ERZ28782092
ERS3636013	ERA35439274	ERZ28782091
ERS3636033	ERA35439272	ERZ28782090
ERS3636044	ERA35439277	ERZ28782093
ERS3636092	ERA35439278	ERZ28782094
ERS3774378	ERA35447069	ERZ28783446
ERS3774379	ERA35447104	ERZ28783470
ERS3774380	ERA35447071	ERZ28783447
ERS3774381	ERA35447019	ERZ28783417
ERS3774382	ERA35447037	ERZ28783428
ERS3774383	ERA35447023	ERZ28783420
ERS3774384	ERA35447099	ERZ28783466
ERS3774385	ERA35446993	ERZ28783401
ERS3774386	ERA35446997	ERZ28783404
ERS3774387	ERA35447030	ERZ28783424
ERS3774388	ERA35447120	ERZ28783480
ERS3774389	ERA35447083	ERZ28783455
ERS3774390	ERA35447126	ERZ28783484
ERS3774391	ERA35447115	ERZ28783476
ERS3774392	ERA35447082	ERZ28783454
ERS3774393	ERA35447097	ERZ28783465
ERS3774394	ERA35447011	ERZ28783411
ERS3774395	ERA35447017	ERZ28783415
ERS3774396	ERA35447027	ERZ28783422
ERS3774397	ERA35447018	ERZ28783416
ERS3774398	ERA35447094	ERZ28783463
ERS3774399	ERA35447072	ERZ28783448
ERS3774400	ERA35446986	ERZ28783398
ERS3774401	ERA35446988	ERZ28783399
ERS3774402	ERA35446992	ERZ28783400
ERS3774403	ERA35447109	ERZ28783473
ERS3774404	ERA35447062	ERZ28783442
ERS3774405	ERA35446984	ERZ28783397
ERS3774406	ERA35446975	ERZ28783392
ERS3774407	ERA35447090	ERZ28783460
ERS3774408	ERA35447077	ERZ28783451
ERS3774409	ERA35447013	ERZ28783412
ERS3774410	ERA35447066	ERZ28783444
ERS3774411	ERA35447056	ERZ28783439
ERS3774412	ERA35447106	ERZ28783471
ERS3774413	ERA35446968	ERZ28783388
ERS3774414	ERA35446980	ERZ28783395
ERS3774415	ERA35447002	ERZ28783407
ERS3774416	ERA35447009	ERZ28783410
ERS3774417	ERA35447043	ERZ28783432
ERS3774418	ERA35447103	ERZ28783469
ERS3774419	ERA35447084	ERZ28783456
ERS3774420	ERA35447125	ERZ28783483
ERS3774421	ERA35447089	ERZ28783459
ERS3774422	ERA35447014	ERZ28783413
ERS3774423	ERA35447007	ERZ28783409
ERS3774424	ERA35447031	ERZ28783425
ERS3774425	ERA35447039	ERZ28783429
ERS3774426	ERA35447033	ERZ28783426
ERS3774427	ERA35447086	ERZ28783457
ERS3774428	ERA35447020	ERZ28783418
ERS3774429	ERA35447112	ERZ28783474
ERS3774430	ERA35447063	ERZ28783443
ERS3774431	ERA35447059	ERZ28783441
ERS3774432	ERA35447102	ERZ28783468
ERS3774433	ERA35446966	ERZ28783387
ERS3774434	ERA35446971	ERZ28783389
ERS3774435	ERA35447100	ERZ28783467
ERS3774436	ERA35447108	ERZ28783472
ERS3774438	ERA35446954	ERZ28783386
ERS3774439	ERA35447042	ERZ28783431
ERS3774440	ERA35447119	ERZ28783479
ERS3774441	ERA35447051	ERZ28783436
ERS3774442	ERA35446976	ERZ28783393
ERS3774443	ERA35446983	ERZ28783396
ERS3774444	ERA35446995	ERZ28783402
ERS3774445	ERA35446999	ERZ28783405
ERS3774446	ERA35447073	ERZ28783449
ERS3774447	ERA35447122	ERZ28783481
ERS3774448	ERA35447046	ERZ28783434
ERS3774449	ERA35447080	ERZ28783453
ERS3774450	ERA35447095	ERZ28783464
ERS3774451	ERA35447113	ERZ28783475
ERS3774452	ERA35447015	ERZ28783414
ERS3774453	ERA35447026	ERZ28783421
ERS3774456	ERA35447067	ERZ28783445
ERS3774458	ERA35447041	ERZ28783430
ERS3774460	ERA35447079	ERZ28783452
ERS3774462	ERA35447092	ERZ28783462
ERS3774463	ERA35447076	ERZ28783450
ERS3774464	ERA35446996	ERZ28783403
ERS3774465	ERA35447116	ERZ28783477
ERS3774466	ERA35447058	ERZ28783440
ERS3774468	ERA35447022	ERZ28783419
ERS3774469	ERA35446974	ERZ28783391
ERS3774470	ERA35447091	ERZ28783461
ERS3774471	ERA35447117	ERZ28783478
ERS3774472	ERA35446952	ERZ28783385
ERS3774473	ERA35447035	ERZ28783427
ERS3774474	ERA35447053	ERZ28783437
ERS3774475	ERA35447029	ERZ28783423
ERS3774476	ERA35446972	ERZ28783390
ERS3774477	ERA35446979	ERZ28783394
ERS3774478	ERA35447000	ERZ28783406
ERS3774479	ERA35447004	ERZ28783408
ERS3774480	ERA35447045	ERZ28783433
ERS3774481	ERA35447123	ERZ28783482
ERS3774482	ERA35447049	ERZ28783435
ERS3774483	ERA35447055	ERZ28783438
ERS3774484	ERA35447087	ERZ28783458
ERS3887040	ERA35424968	ERZ28780826
ERS3887041	ERA35424965	ERZ28780823
ERS3887042	ERA35424967	ERZ28780825
ERS3887043	ERA35424964	ERZ28780822
ERS3887044	ERA35424969	ERZ28780827
ERS3887045	ERA35424962	ERZ28780820
ERS3887046	ERA35424966	ERZ28780824
ERS3887047	ERA35424963	ERZ28780821
ERS4042406	ERA35437987	ERZ28781918
ERS4042419	ERA35437984	ERZ28781915
ERS4042423	ERA35437989	ERZ28781920
ERS4042427	ERA35437988	ERZ28781919
ERS4042431	ERA35437986	ERZ28781917
ERS4042435	ERA35437985	ERZ28781916
ERS4545903	ERA35437973	ERZ28781904
ERS4545906	ERA35437976	ERZ28781907
ERS4545909	ERA35437982	ERZ28781913
ERS4545910	ERA35437974	ERZ28781905
ERS4545911	ERA35437981	ERZ28781912
ERS4545913	ERA35437980	ERZ28781911
ERS4545914	ERA35437975	ERZ28781906
ERS4545916	ERA35437978	ERZ28781909
ERS4545917	ERA35437977	ERZ28781908
ERS4545918	ERA35437983	ERZ28781914
ERS4545919	ERA35437979	ERZ28781910
ERS5113011	ERA35424847	ERZ28780748
ERS6205384	ERA35424900	ERZ28780760
ERS6205385	ERA35424891	ERZ28780751
ERS6205386	ERA35424896	ERZ28780756
ERS6205387	ERA35424906	ERZ28780766
ERS6205388	ERA35424889	ERZ28780749
ERS6205389	ERA35424902	ERZ28780762
ERS6205390	ERA35424897	ERZ28780757
ERS6205391	ERA35424901	ERZ28780761
ERS6205392	ERA35424890	ERZ28780750
ERS6205393	ERA35424905	ERZ28780765
ERS6205394	ERA35424894	ERZ28780754
ERS6205395	ERA35424904	ERZ28780764
ERS6205396	ERA35424895	ERZ28780755
ERS6205397	ERA35424903	ERZ28780763
ERS6205398	ERA35424899	ERZ28780759
ERS6205399	ERA35424893	ERZ28780753
ERS6205401	ERA35424907	ERZ28780767
ERS6205402	ERA35424898	ERZ28780758
ERS6205403	ERA35424892	ERZ28780752
ERS6256686	ERA35425009	ERZ28780867
ERS6256687	ERA35424971	ERZ28780829
ERS6256688	ERA35425008	ERZ28780866
ERS6256689	ERA35424979	ERZ28780837
ERS6256690	ERA35424982	ERZ28780840
ERS6256691	ERA35424990	ERZ28780848
ERS6256692	ERA35424974	ERZ28780832
ERS6256693	ERA35424970	ERZ28780828
ERS6256694	ERA35424999	ERZ28780857
ERS6256695	ERA35425007	ERZ28780865
ERS6256696	ERA35425002	ERZ28780860
ERS6256697	ERA35424984	ERZ28780842
ERS6256698	ERA35424988	ERZ28780846
ERS6256699	ERA35425004	ERZ28780862
ERS6256700	ERA35424976	ERZ28780834
ERS6256701	ERA35425005	ERZ28780863
ERS6256702	ERA35425010	ERZ28780868
ERS6256703	ERA35425003	ERZ28780861
ERS6256704	ERA35424980	ERZ28780838
ERS6256705	ERA35424989	ERZ28780847
ERS6256706	ERA35425000	ERZ28780858
ERS6256707	ERA35424997	ERZ28780855
ERS6256708	ERA35424977	ERZ28780835
ERS6256709	ERA35424996	ERZ28780854
ERS6256711	ERA35424973	ERZ28780831
ERS6256712	ERA35424985	ERZ28780843
ERS6256713	ERA35424986	ERZ28780844
ERS6256714	ERA35424992	ERZ28780850
ERS6256716	ERA35424972	ERZ28780830
ERS6256717	ERA35425006	ERZ28780864
ERS6256718	ERA35424995	ERZ28780853
ERS6256719	ERA35424998	ERZ28780856
ERS6256720	ERA35424981	ERZ28780839
ERS6256721	ERA35424987	ERZ28780845
ERS6256722	ERA35424993	ERZ28780851
ERS6256723	ERA35424978	ERZ28780836
ERS6256724	ERA35425011	ERZ28780869
ERS6256725	ERA35424994	ERZ28780852
ERS6256726	ERA35424975	ERZ28780833
ERS6256727	ERA35424983	ERZ28780841
ERS6256728	ERA35424991	ERZ28780849
ERS6256729	ERA35425001	ERZ28780859
ERS6636085	ERA35442636	ERZ28782971
ERS6636090	ERA35442622	ERZ28782970
ERS6636099	ERA35442637	ERZ28782972
ERS6636154	ERA35442638	ERZ28782973
ERS6955103	ERA35424751	ERZ28780672
ERS6955106	ERA35424746	ERZ28780667
ERS6955107	ERA35424768	ERZ28780687
ERS6955108	ERA35424792	ERZ28780711
ERS6955109	ERA35424760	ERZ28780680
ERS6955110	ERA35424784	ERZ28780703
ERS6955111	ERA35424803	ERZ28780720
ERS6955112	ERA35424755	ERZ28780675
ERS6955113	ERA35424744	ERZ28780665
ERS6955114	ERA35424765	ERZ28780685
ERS6955115	ERA35424776	ERZ28780695
ERS6955116	ERA35424783	ERZ28780702
ERS6955118	ERA35424805	ERZ28780722
ERS6955119	ERA35424757	ERZ28780677
ERS6955120	ERA35424740	ERZ28780662
ERS6955121	ERA35424763	ERZ28780683
ERS6955122	ERA35424794	ERZ28780713
ERS6955123	ERA35424775	ERZ28780694
ERS6955124	ERA35424782	ERZ28780701
ERS6955126	ERA35424791	ERZ28780710
ERS6955127	ERA35424758	ERZ28780678
ERS6955128	ERA35424739	ERZ28780661
ERS6955130	ERA35424762	ERZ28780682
ERS6955131	ERA35424795	ERZ28780714
ERS6955132	ERA35424806	ERZ28780723
ERS6955133	ERA35424781	ERZ28780700
ERS6955135	ERA35424790	ERZ28780709
ERS6955136	ERA35424770	ERZ28780689
ERS6955138	ERA35424738	ERZ28780660
ERS6955139	ERA35424764	ERZ28780684
ERS6955141	ERA35424800	ERZ28780718
ERS6955142	ERA35424798	ERZ28780717
ERS6955143	ERA35424780	ERZ28780699
ERS6955144	ERA35424789	ERZ28780708
ERS6955145	ERA35424772	ERZ28780691
ERS6955146	ERA35424742	ERZ28780663
ERS6955147	ERA35424756	ERZ28780676
ERS6955148	ERA35424774	ERZ28780693
ERS6955149	ERA35424796	ERZ28780715
ERS6955150	ERA35424779	ERZ28780698
ERS6955151	ERA35424788	ERZ28780707
ERS6955152	ERA35424737	ERZ28780659
ERS6955153	ERA35424743	ERZ28780664
ERS6955154	ERA35424754	ERZ28780674
ERS6955156	ERA35424773	ERZ28780692
ERS6955157	ERA35424797	ERZ28780716
ERS6955158	ERA35424778	ERZ28780697
ERS6955159	ERA35424787	ERZ28780706
ERS6955160	ERA35424736	ERZ28780658
ERS6955161	ERA35424748	ERZ28780669
ERS6955162	ERA35424750	ERZ28780671
ERS6955163	ERA35424771	ERZ28780690
ERS6955164	ERA35424793	ERZ28780712
ERS6955165	ERA35424777	ERZ28780696
ERS6955166	ERA35424786	ERZ28780705
ERS6955167	ERA35424801	ERZ28780719
ERS6955168	ERA35424749	ERZ28780670
ERS6955169	ERA35424747	ERZ28780668
ERS6955170	ERA35424769	ERZ28780688
ERS6955173	ERA35424735	ERZ28780657
ERS6955174	ERA35424761	ERZ28780681
ERS6955176	ERA35424785	ERZ28780704
ERS6955177	ERA35424804	ERZ28780721
ERS6955178	ERA35424753	ERZ28780673
ERS6955179	ERA35424745	ERZ28780666
ERS6955180	ERA35424767	ERZ28780686
ERS6955181	ERA35424759	ERZ28780679
ERS9656246	ERA35438007	ERZ28781938
ERS9656247	ERA35438011	ERZ28781942
ERS9656248	ERA35438005	ERZ28781936
ERS9656249	ERA35437992	ERZ28781923
ERS9656250	ERA35438004	ERZ28781935
ERS9656251	ERA35437994	ERZ28781925
ERS9656252	ERA35437999	ERZ28781930
ERS9656253	ERA35438009	ERZ28781940
ERS9656254	ERA35438002	ERZ28781933
ERS9656255	ERA35438008	ERZ28781939
ERS9656256	ERA35437991	ERZ28781922
ERS9656258	ERA35438003	ERZ28781934
ERS9656259	ERA35437995	ERZ28781926
ERS9656260	ERA35437997	ERZ28781928
ERS9656261	ERA35437996	ERZ28781927
ERS9656262	ERA35438006	ERZ28781937
ERS9656263	ERA35438010	ERZ28781941
ERS9656264	ERA35438001	ERZ28781932
ERS9656265	ERA35437990	ERZ28781921
ERS9656269	ERA35438000	ERZ28781931
ERS9656270	ERA35437998	ERZ28781929
ERS9656271	ERA35437993	ERZ28781924
SRS11653536	ERA35425069	ERZ28780922
SRS11653537	ERA35425084	ERZ28780937
SRS11653538	ERA35425043	ERZ28780896
SRS11653539	ERA35425051	ERZ28780904
SRS11653541	ERA35425068	ERZ28780921
SRS11653543	ERA35425103	ERZ28780956
SRS11653544	ERA35425071	ERZ28780924
SRS11653545	ERA35425058	ERZ28780911
SRS11653546	ERA35425081	ERZ28780934
SRS11653547	ERA35425049	ERZ28780902
SRS11653548	ERA35425041	ERZ28780894
SRS11653549	ERA35425055	ERZ28780908
SRS11653551	ERA35425102	ERZ28780955
SRS11653552	ERA35425095	ERZ28780948
SRS11653553	ERA35425075	ERZ28780928
SRS11653554	ERA35425082	ERZ28780935
SRS11653555	ERA35425097	ERZ28780950
SRS11653556	ERA35425044	ERZ28780897
SRS11653557	ERA35425091	ERZ28780944
SRS11653558	ERA35425090	ERZ28780943
SRS11653559	ERA35425054	ERZ28780907
SRS11653560	ERA35425065	ERZ28780918
SRS11653561	ERA35425079	ERZ28780932
SRS11653562	ERA35425098	ERZ28780951
SRS11653563	ERA35425056	ERZ28780909
SRS11653564	ERA35425064	ERZ28780917
SRS11653565	ERA35425089	ERZ28780942
SRS11653566	ERA35425070	ERZ28780923
SRS11653567	ERA35425078	ERZ28780931
SRS11653568	ERA35425080	ERZ28780933
SRS11653569	ERA35425052	ERZ28780905
SRS11653570	ERA35425040	ERZ28780893
SRS11653571	ERA35425096	ERZ28780949
SRS11653572	ERA35425088	ERZ28780941
SRS11653574	ERA35425093	ERZ28780946
SRS11653580	ERA35425061	ERZ28780914
SRS11653581	ERA35425077	ERZ28780930
SRS11653582	ERA35425101	ERZ28780954
SRS11653583	ERA35425048	ERZ28780901
SRS11653584	ERA35425072	ERZ28780925
SRS11653585	ERA35425105	ERZ28780958
SRS11653586	ERA35425047	ERZ28780900
SRS11653587	ERA35425076	ERZ28780929
SRS11653588	ERA35425086	ERZ28780939
SRS11653589	ERA35425057	ERZ28780910
SRS11653590	ERA35425062	ERZ28780915
SRS11653591	ERA35425066	ERZ28780919
SRS11653592	ERA35425099	ERZ28780952
SRS11653593	ERA35425063	ERZ28780916
SRS11653594	ERA35425074	ERZ28780927
SRS11653595	ERA35425087	ERZ28780940
SRS11653596	ERA35425042	ERZ28780895
SRS11653597	ERA35425045	ERZ28780898
SRS11653598	ERA35425104	ERZ28780957
SRS11653599	ERA35425092	ERZ28780945
SRS11653600	ERA35425053	ERZ28780906
SRS11653601	ERA35425059	ERZ28780912
SRS11653602	ERA35425085	ERZ28780938
SRS11653604	ERA35425094	ERZ28780947
SRS11653605	ERA35425050	ERZ28780903
SRS11653606	ERA35425060	ERZ28780913
SRS11653607	ERA35425100	ERZ28780953
SRS11653608	ERA35425073	ERZ28780926
SRS11653610	ERA35425067	ERZ28780920
SRS11653612	ERA35425083	ERZ28780936
SRS11653613	ERA35425046	ERZ28780899
SRS15300786	ERA35424926	ERZ28780786
SRS15300787	ERA35424921	ERZ28780781
SRS15300788	ERA35424933	ERZ28780793
SRS15300789	ERA35424915	ERZ28780775
SRS15300790	ERA35424918	ERZ28780778
SRS15300791	ERA35424912	ERZ28780772
SRS15300792	ERA35424920	ERZ28780780
SRS15300793	ERA35424928	ERZ28780788
SRS15300794	ERA35424914	ERZ28780774
SRS15300795	ERA35424931	ERZ28780791
SRS15300796	ERA35424913	ERZ28780773
SRS15300797	ERA35424930	ERZ28780790
SRS15300798	ERA35424917	ERZ28780777
SRS15300799	ERA35424927	ERZ28780787
SRS15300800	ERA35424923	ERZ28780783
SRS15300801	ERA35424908	ERZ28780768
SRS15300802	ERA35424925	ERZ28780785
SRS15300803	ERA35424911	ERZ28780771
SRS15300804	ERA35424916	ERZ28780776
SRS15300805	ERA35424910	ERZ28780770
SRS15300806	ERA35424929	ERZ28780789
SRS15300807	ERA35424919	ERZ28780779
SRS15300808	ERA35424922	ERZ28780782
SRS15300809	ERA35424924	ERZ28780784
SRS15300810	ERA35424909	ERZ28780769
SRS15300811	ERA35424932	ERZ28780792
SRS2006287	ERA35424818	ERZ28780724
SRS2006288	ERA35424820	ERZ28780726
SRS2006289	ERA35424819	ERZ28780725
SRS3078087	ERA35439291	ERZ28782097
SRS3078091	ERA35439323	ERZ28782117
SRS3078093	ERA35439352	ERZ28782133
SRS3078095	ERA35439309	ERZ28782107
SRS3078097	ERA35439305	ERZ28782104
SRS3078101	ERA35439367	ERZ28782141
SRS3078105	ERA35439321	ERZ28782115
SRS3078109	ERA35439351	ERZ28782132
SRS3078111	ERA35439296	ERZ28782099
SRS3078113	ERA35439334	ERZ28782122
SRS3078115	ERA35439361	ERZ28782137
SRS3078118	ERA35439346	ERZ28782129
SRS3078120	ERA35439343	ERZ28782127
SRS3078122	ERA35439330	ERZ28782120
SRS3078124	ERA35439316	ERZ28782112
SRS3078126	ERA35439319	ERZ28782114
SRS3078131	ERA35439348	ERZ28782130
SRS3078133	ERA35439306	ERZ28782105
SRS3078134	ERA35439355	ERZ28782134
SRS3078139	ERA35439341	ERZ28782126
SRS3078148	ERA35439336	ERZ28782123
SRS3078150	ERA35439329	ERZ28782119
SRS3078151	ERA35439318	ERZ28782113
SRS3078155	ERA35439322	ERZ28782116
SRS3078156	ERA35439300	ERZ28782101
SRS3078158	ERA35439298	ERZ28782100
SRS3078160	ERA35439365	ERZ28782139
SRS3078162	ERA35439364	ERZ28782138
SRS3078163	ERA35439326	ERZ28782118
SRS3078165	ERA35439315	ERZ28782111
SRS3078167	ERA35439350	ERZ28782131
SRS3078170	ERA35439303	ERZ28782103
SRS3078173	ERA35439356	ERZ28782135
SRS3078175	ERA35439366	ERZ28782140
SRS3078176	ERA35439345	ERZ28782128
SRS3078178	ERA35439308	ERZ28782106
SRS3078181	ERA35439311	ERZ28782108
SRS3078183	ERA35439337	ERZ28782124
SRS3078185	ERA35439312	ERZ28782109
SRS3078192	ERA35439302	ERZ28782102
SRS3078193	ERA35439282	ERZ28782095
SRS3078195	ERA35439359	ERZ28782136
SRS3078197	ERA35439340	ERZ28782125
SRS3078198	ERA35439290	ERZ28782096
SRS3078200	ERA35439333	ERZ28782121
SRS3078201	ERA35439314	ERZ28782110
SRS3078204	ERA35439295	ERZ28782098
SRS3078206	ERA35439368	ERZ28782142
SRS4625232	ERA35425028	ERZ28780881
SRS4625233	ERA35425020	ERZ28780873
SRS4625234	ERA35425038	ERZ28780891
SRS4625235	ERA35425029	ERZ28780882
SRS4625236	ERA35425036	ERZ28780889
SRS4625237	ERA35425025	ERZ28780878
SRS4625238	ERA35425021	ERZ28780874
SRS4625239	ERA35425031	ERZ28780884
SRS4625240	ERA35425034	ERZ28780887
SRS4625241	ERA35425027	ERZ28780880
SRS4625242	ERA35425032	ERZ28780885
SRS4625244	ERA35425039	ERZ28780892
SRS4625245	ERA35425037	ERZ28780890
SRS4625246	ERA35425024	ERZ28780877
SRS4625247	ERA35425035	ERZ28780888
SRS4625248	ERA35425033	ERZ28780886
SRS4625249	ERA35425023	ERZ28780876
SRS4625250	ERA35425030	ERZ28780883
SRS473742	ERA35443426	ERZ28783115
SRS473746	ERA35443463	ERZ28783119
SRS6212648	ERA35424828	ERZ28780733
SRS6212649	ERA35424834	ERZ28780739
SRS6212650	ERA35424826	ERZ28780731
SRS6212651	ERA35424836	ERZ28780741
SRS6212652	ERA35424833	ERZ28780738
SRS6212654	ERA35424830	ERZ28780735
SRS6212655	ERA35424824	ERZ28780729
SRS6212656	ERA35424831	ERZ28780736
SRS6212657	ERA35424827	ERZ28780732
SRS6212658	ERA35424822	ERZ28780727
SRS6212659	ERA35424835	ERZ28780740
SRS6212660	ERA35424825	ERZ28780730
SRS6212661	ERA35424832	ERZ28780737
SRS6212662	ERA35424823	ERZ28780728
SRS6212663	ERA35424829	ERZ28780734
SRS6939170	ERA35425129	ERZ28780968
SRS7212787	ERA35424949	ERZ28780808
SRS7212788	ERA35424940	ERZ28780799
SRS7212789	ERA35424946	ERZ28780805
SRS7212790	ERA35424942	ERZ28780801
SRS7212791	ERA35424943	ERZ28780802
SRS7212792	ERA35424950	ERZ28780809
SRS7212793	ERA35424938	ERZ28780797
SRS7212794	ERA35424936	ERZ28780795
SRS7212795	ERA35424939	ERZ28780798
SRS7212796	ERA35424948	ERZ28780807
SRS7212797	ERA35424944	ERZ28780803
SRS7212798	ERA35424941	ERZ28780800
SRS7212799	ERA35424947	ERZ28780806
SRS7212800	ERA35424951	ERZ28780810
SRS7212801	ERA35424935	ERZ28780794
SRS7212802	ERA35424945	ERZ28780804
SRS7212803	ERA35424937	ERZ28780796
SRS7212804	ERA35424952	ERZ28780811
SRS7296487	ERA35424953	ERZ28780812
SRS7296488	ERA35424954	ERZ28780813
SRS7890483	ERA35425124	ERZ28780963
SRS7890491	ERA35425127	ERZ28780966
SRS7890496	ERA35425128	ERZ28780967
SRS7890498	ERA35425126	ERZ28780965
SRS7890502	ERA35425123	ERZ28780962
SRS7890504	ERA35425125	ERZ28780964
SRS7967572	ERA35424839	ERZ28780742
SRS7967573	ERA35424841	ERZ28780744
SRS7967574	ERA35424842	ERZ28780745
SRS7967575	ERA35424843	ERZ28780746
SRS7967576	ERA35424844	ERZ28780747
SRS7967577	ERA35424840	ERZ28780743
SRS9263816	ERA35424958	ERZ28780816
SRS9263817	ERA35424959	ERZ28780817
SRS9263818	ERA35424956	ERZ28780814
SRS9263819	ERA35424957	ERZ28780815
SRS9263820	ERA35424960	ERZ28780818
SRS9263822	ERA35424961	ERZ28780819
ERS3395764	ERA35452147	ERZ28783899
ERS3395765	ERA35452143	ERZ28783895
ERS3395766	ERA35452137	ERZ28783890
ERS3395767	ERA35452134	ERZ28783888
ERS3395768	ERA35452142	ERZ28783894
ERS3395769	ERA35452136	ERZ28783889
ERS3395770	ERA35452145	ERZ28783897
ERS3395771	ERA35452152	ERZ28783903
ERS3395772	ERA35452146	ERZ28783898
ERS3395773	ERA35452138	ERZ28783891
ERS3774485	ERA35452149	ERZ28783901
ERS3774486	ERA35452150	ERZ28783902
ERS3774487	ERA35452153	ERZ28783904
ERS3774488	ERA35452141	ERZ28783893
ERS3774489	ERA35452144	ERZ28783896
ERS3774490	ERA35452154	ERZ28783905
ERS3774491	ERA35452148	ERZ28783900
ERS3774492	ERA35452139	ERZ28783892
ERS12745970	ERA35453502	ERZ28784097
ERS5710596	ERA35453561	ERZ28784130
ERS5710598	ERA35453558	ERZ28784127
ERS5710600	ERA35453511	ERZ28784101
ERS5710602	ERA35453542	ERZ28784114
ERS5710604	ERA35453507	ERZ28784099
ERS5710606	ERA35453495	ERZ28784091
ERS5710607	ERA35453529	ERZ28784110
ERS5710609	ERA35453540	ERZ28784113
ERS5710610	ERA35453556	ERZ28784126
ERS5710611	ERA35453554	ERZ28784124
ERS5710613	ERA35453562	ERZ28784131
ERS5710615	ERA35453523	ERZ28784107
ERS5710617	ERA35453565	ERZ28784134
ERS5710619	ERA35453549	ERZ28784119
ERS5710622	ERA35453543	ERZ28784115
ERS5710624	ERA35453535	ERZ28784111
ERS5710626	ERA35453555	ERZ28784125
ERS5710628	ERA35453563	ERZ28784132
ERS5710630	ERA35453500	ERZ28784096
ERS5710632	ERA35453470	ERZ28784071
ERS5710634	ERA35453522	ERZ28784106
ERS5710635	ERA35453553	ERZ28784123
ERS5710636	ERA35453521	ERZ28784105
ERS5710638	ERA35453548	ERZ28784118
ERS5710641	ERA35453497	ERZ28784093
ERS5710643	ERA35453494	ERZ28784090
ERS5710645	ERA35453512	ERZ28784102
ERS5710647	ERA35453560	ERZ28784129
ERS5710649	ERA35453504	ERZ28784098
ERS5710651	ERA35453552	ERZ28784122
ERS5710653	ERA35453545	ERZ28784116
ERS5710655	ERA35453486	ERZ28784083
ERS5710657	ERA35453564	ERZ28784133
ERS5710659	ERA35453520	ERZ28784104
ERS5710661	ERA35453550	ERZ28784120
ERS5710663	ERA35453527	ERZ28784108
ERS5710664	ERA35453537	ERZ28784112
ERS5710665	ERA35453559	ERZ28784128
ERS5710666	ERA35453499	ERZ28784095
ERS5710667	ERA35453478	ERZ28784075
ERS5710670	ERA35453515	ERZ28784103
ERS5710672	ERA35453546	ERZ28784117
ERS5710675	ERA35453508	ERZ28784100
ERS5710676	ERA35453551	ERZ28784121
ERS1202862	ERA35453108	ERZ28783998
ERS1202863	ERA35453066	ERZ28783988
ERS1202864	ERA35453125	ERZ28784003
ERS1202865	ERA35452971	ERZ28783954
ERS1202866	ERA35453030	ERZ28783980
ERS1202867	ERA35452996	ERZ28783969
ERS1202868	ERA35453294	ERZ28784030
ERS1202869	ERA35453345	ERZ28784052
ERS1202870	ERA35453009	ERZ28783976
ERS1202871	ERA35453267	ERZ28784022
ERS1202872	ERA35453093	ERZ28783993
ERS1202873	ERA35453271	ERZ28784023
ERS1202874	ERA35453401	ERZ28784060
ERS1202875	ERA35453309	ERZ28784037
ERS1202876	ERA35453116	ERZ28784000
ERS1202877	ERA35453036	ERZ28783981
ERS1202878	ERA35452985	ERZ28783963
ERS1202879	ERA35453052	ERZ28783985
ERS1202880	ERA35452978	ERZ28783960
ERS1202881	ERA35452997	ERZ28783970
ERS1202882	ERA35453303	ERZ28784034
ERS1202883	ERA35453349	ERZ28784054
ERS1202884	ERA35453024	ERZ28783979
ERS1202885	ERA35453238	ERZ28784015
ERS12516930	ERA35453078	ERZ28783991
ERS12516931	ERA35452981	ERZ28783961
ERS12516932	ERA35453406	ERZ28784062
ERS12516933	ERA35453317	ERZ28784040
ERS12516934	ERA35453205	ERZ28784010
ERS12516935	ERA35453043	ERZ28783982
ERS12516936	ERA35453090	ERZ28783992
ERS12516937	ERA35453057	ERZ28783986
ERS12516938	ERA35452973	ERZ28783955
ERS12516939	ERA35452999	ERZ28783972
ERS12516940	ERA35453307	ERZ28784036
ERS12516941	ERA35453340	ERZ28784050
ERS12516942	ERA35453250	ERZ28784018
ERS12516943	ERA35453246	ERZ28784017
ERS12516944	ERA35453102	ERZ28783996
ERS12516945	ERA35452995	ERZ28783968
ERS12516946	ERA35453405	ERZ28784061
ERS12516947	ERA35453323	ERZ28784043
ERS12516948	ERA35453051	ERZ28783984
ERS12516949	ERA35453415	ERZ28784064
ERS12516950	ERA35452986	ERZ28783964
ERS12516951	ERA35453120	ERZ28784001
ERS12516952	ERA35452974	ERZ28783956
ERS12516953	ERA35453002	ERZ28783973
ERS12516954	ERA35453301	ERZ28784032
ERS12516955	ERA35453218	ERZ28784012
ERS12516956	ERA35453010	ERZ28783977
ERS12516957	ERA35453292	ERZ28784029
ERS12516958	ERA35453112	ERZ28783999
ERS12516959	ERA35452993	ERZ28783967
ERS12516960	ERA35453409	ERZ28784063
ERS12516961	ERA35453394	ERZ28784058
ERS12516962	ERA35453182	ERZ28784009
ERS12516963	ERA35453046	ERZ28783983
ERS12516964	ERA35452988	ERZ28783966
ERS12516965	ERA35453104	ERZ28783997
ERS12516966	ERA35452975	ERZ28783957
ERS12516967	ERA35453003	ERZ28783974
ERS12516968	ERA35453284	ERZ28784026
ERS12516969	ERA35453226	ERZ28784013
ERS12516970	ERA35453391	ERZ28784057
ERS12516971	ERA35453255	ERZ28784019
ERS12516972	ERA35453097	ERZ28783995
ERS12516973	ERA35452998	ERZ28783971
ERS12516974	ERA35453397	ERZ28784059
ERS12516975	ERA35453333	ERZ28784046
ERS12516976	ERA35453076	ERZ28783990
ERS12516977	ERA35453234	ERZ28784014
ERS12516978	ERA35453095	ERZ28783994
ERS12516979	ERA35453072	ERZ28783989
ERS12516980	ERA35452976	ERZ28783958
ERS12516981	ERA35453148	ERZ28784006
ERS12516982	ERA35453306	ERZ28784035
ERS12516983	ERA35453338	ERZ28784049
ERS12516984	ERA35453015	ERZ28783978
ERS12516985	ERA35453266	ERZ28784021
ERS12516986	ERA35453175	ERZ28784008
ERS12516987	ERA35453131	ERZ28784004
ERS12516988	ERA35453348	ERZ28784053
ERS12516989	ERA35453351	ERZ28784055
ERS12516990	ERA35453165	ERZ28784007
ERS12516991	ERA35453240	ERZ28784016
ERS12516992	ERA35452984	ERZ28783962
ERS12516993	ERA35453062	ERZ28783987
ERS12516994	ERA35452977	ERZ28783959
SRS740678	ERA35453352	ERZ28784056
SRS740679	ERA35453211	ERZ28784011
SRS740682	ERA35453276	ERZ28784024
SRS740687	ERA35453006	ERZ28783975
SRS740689	ERA35453133	ERZ28784005
SRS740691	ERA35453419	ERZ28784066
SRS740697	ERA35453416	ERZ28784065
