pr_93	cluster_type	HOMD
1	Env	no
2	Env	no
3	Env	no
4	Env	no
5	H	no
6	H	no
7	H	no
8	Env	no
9	H-N	no
10	H	no
11	H	no
12	H	no
13	H-P	no
14	H	no
15	P	no
16	H	no
17	H	no
18	H	no
19	H	no
20	P	no
21	H	no
22	H	no
23	H	no
24	H	no
25	H	no
26	H	no
27	H	no
28	H	no
29	H	no
30	H	no
31	H	no
32	H	no
33	H	no
34	H	no
35	H	no
36	H	no
37	H	no
38	H	no
39	H	no
40	H	no
41	H	no
42	H	no
43	H	no
44	H	no
45	H	no
46	H	no
47	H	no
48	H	HOMD
49	H	no
50	H	no
51	H	no
52	H	no
53	H	no
54	H	no
55	H	no
56	H	no
57	H	no
58	H	no
59	H	no
60	H	no
61	H	no
62	H	no
63	H	no
64	H	no
65	H	HOMD
66	H	no
67	H	no
68	H	no
69	H	no
70	H	no
71	H	no
72	H	no
73	H	no
74	H	no
75	H	no
76	H	no
77	H	no
78	H	no
79	H	no
80	H	no
81	H	no
82	H	no
83	H	no
84	H	HOMD
85	U	no
86	U	no
87	H	no
88	A	no
89	H	HOMD
90	H	no
91	H	no
92	H	no
93	H	HOMD
94	H-A	no
95	H	no
96	H	no
97	H	no
98	H	no
99	H	no
100	N	no
101	H	HOMD
102	H	no
103	H	HOMD
104	H	no
105	H	no
106	H	HOMD
107	H	no
108	H	no
109	P-G	no
110	H	HOMD
111	H	no
112	H	no
113	H	no
114	H	HOMD
115	H	HOMD
116	G	no
117	P	no
118	H	no
119	H	no
120	H	no
121	H	no
122	H	no
123	H	no
124	H	no
125	H	no
126	H	no
127	H	no
128	H	no
129	H	no
130	H	HOMD
131	H	no
132	H	no
133	H	no
134	H	HOMD
135	H	no
136	U	no
137	U	no
138	H	no
139	H	no
140	H	no
141	H	no
142	H	no
143	H	no
144	H	no
145	U	no
146	H	no
147	H	no
148	H	no
149	H	no
150	H	no
151	H	no
152	H	no
153	H	no
154	H	no
155	H	no
156	Env	no
157	H	no
158	U	no
159	H-P-G	HOMD
160	H	HOMD
161	H	no
162	H	no
163	H	HOMD
164	H	no
165	H	no
166	H	no
167	H	HOMD
168	H	HOMD
169	H	no
170	H	no
171	H	HOMD
172	H	HOMD
173	A	no
174	H	no
175	N	no
176	A	no
177	H-P	HOMD
178	A	no
179	H	no
180	H	HOMD
181	H	HOMD
182	P	no
183	H	no
184	P	no
185	H	HOMD
186	H	no
187	H	no
188	H	HOMD
189	U	no
190	H	no
191	H	no
192	H	no
193	H	no
194	H	no
195	H	no
196	H	no
197	H	no
198	H	no
199	H	no
200	H	no
201	H	no
202	H	no
203	H	no
204	H-P	HOMD
205	H-U	no
206	U	no
207	H	no
208	P-G	no
209	H	no
210	H	no
211	H-P	HOMD
212	H	no
213	H	no
214	H	no
215	H	no
216	H	no
217	H	no
218	H	no
219	H	no
220	H	no
221	H	no
222	H	no
223	H	no
224	H	no
225	Env	no
226	U	no
227	H	no
228	H	HOMD
229	H	no
230	H	no
231	H	no
232	H	HOMD
233	H	no
234	H	no
235	H	no
236	H	no
237	H	no
238	H	no
239	H	no
240	H	no
241	H	HOMD
242	H	HOMD
243	H	no
244	H	no
245	H-P-G	HOMD
246	H	no
247	H	no
248	A	no
249	H	HOMD
250	H	HOMD
251	H	no
252	H	HOMD
253	H	no
254	H	HOMD
255	H	HOMD
256	H	no
257	H	HOMD
258	H	HOMD
259	H	HOMD
260	H	no
261	H	HOMD
262	H	no
263	P	no
264	H	no
265	H	HOMD
266	H	no
267	H	no
268	H	HOMD
269	H	no
270	H	no
271	H	no
272	H	no
273	H	no
274	H	no
275	H	no
276	H	no
277	H	HOMD
278	H	HOMD
279	H	no
280	H	no
281	H	HOMD
282	H	HOMD
283	H	HOMD
284	H	HOMD
285	H	HOMD
286	H	HOMD
287	H	HOMD
288	H	HOMD
289	H	no
290	H	HOMD
291	H	HOMD
292	H	HOMD
293	H	no
294	H	HOMD
295	H	no
296	H	no
297	H	no
298	H	HOMD
299	H	HOMD
300	H	no
301	H	HOMD
302	H	no
303	H	HOMD
304	H	HOMD
305	H	HOMD
306	H	no
307	H	HOMD
308	H	HOMD
309	H	no
310	H	no
311	H	no
312	H	HOMD
313	H	HOMD
314	H	no
315	H	HOMD
316	H	HOMD
317	H	HOMD
318	H	no
319	H-G	no
320	G-U	no
321	U	no
322	U	no
323	R	no
324	U	no
325	H	no
326	Env	no
327	Env	no
328	U	no
329	G	no
330	U	no
331	U	no
332	H	no
333	H	no
334	U	no
335	U	no
336	A	no
337	H	no
338	H	no
339	H	no
340	H	no
341	H	no
342	H	no
343	H	no
344	U	no
345	H	no
346	H	HOMD
347	P-G	no
348	U	no
349	A	no
350	H	HOMD
351	H	HOMD
352	H	no
353	H	HOMD
354	H	no
355	H	HOMD
356	H	no
357	H	HOMD
358	H	HOMD
359	H	HOMD
360	H	no
361	H	no
362	H	no
363	H	no
364	H	HOMD
365	H	HOMD
366	H	HOMD
367	H	no
368	H	no
369	H	HOMD
370	H	no
371	H	no
372	H	no
373	H	no
374	H	no
375	H	no
376	H	no
377	H	no
378	H	no
379	H	no
380	H	no
381	H	no
382	H	no
383	H	no
384	H	no
385	H	no
386	H	no
387	H	no
388	H	no
389	H	HOMD
390	H	HOMD
391	H	HOMD
392	H	no
393	H	HOMD
394	H	HOMD
395	H	HOMD
396	H	no
397	H	no
398	P	no
399	H	no
400	H	no
401	H	no
402	H	HOMD
403	H	no
404	H	no
405	H	no
406	H	no
407	H	no
408	H	no
409	H	no
410	H	no
411	H	no
412	H	no
413	H	no
414	H	no
415	H	no
416	H	no
417	H	no
418	H	HOMD
419	H-G	HOMD
420	H	no
421	H	no
422	H	no
423	H	no
424	H	no
425	H	no
426	H	no
427	H	no
428	H	no
429	H	no
430	H	no
431	H	no
432	H	no
433	H	no
434	H	HOMD
435	H	no
436	H	HOMD
437	H	HOMD
438	H	no
439	H	no
440	H	no
441	H	no
442	H	no
443	H	no
444	H	no
445	H	no
446	H	no
447	H	no
448	H	no
449	H	no
450	H	no
451	H	no
452	H	no
453	H	no
454	H	no
455	H	no
456	G	no
457	H	no
458	H	no
459	H	no
460	H	no
461	H	no
462	H	no
463	H	no
464	H	no
465	H	no
466	H	no
467	H	no
468	H	no
469	H	no
470	H	no
471	H	no
472	H	no
473	H	no
474	H	no
475	H	no
476	H	no
477	H	no
478	H	no
479	U	no
480	U	no
481	H	no
482	H	no
483	H	HOMD
484	H	HOMD
485	H	no
486	H	no
487	H-P	no
488	H	no
489	G	no
490	U	no
491	H	no
492	N-U	no
493	U	no
494	R	no
495	G	no
496	N-U	no
497	U	no
498	G	no
499	H	no
500	U	no
501	U	no
502	H	HOMD
503	H-P-Po	no
504	H-P	HOMD
505	H-N	no
506	H-N	no
507	U	no
508	U	no
509	U	no
510	H	no
511	H	no
512	H	no
513	U	no
514	U	no
515	U	no
516	H	no
517	H	no
518	H	no
519	H	no
520	H	no
521	H-U	no
522	H	HOMD
523	G-U	no
524	G	no
525	Env	no
526	U	no
527	H-P-G	no
528	Env	no
529	P	no
530	H-G	HOMD
531	H	HOMD
532	U	no
533	H	no
534	Env	no
535	U	no
536	H	no
537	H	no
538	H	HOMD
539	H-G	HOMD
540	H	HOMD
541	H	no
542	H	no
543	H	no
544	H	no
545	H	HOMD
546	P	no
547	H	no
548	H	no
549	P	no
550	H-G	no
551	H	no
552	P	no
553	P	no
554	H	no
555	H	no
556	H	no
557	H	no
558	H	HOMD
559	H	no
560	H	no
561	H-N-P	HOMD
562	H	no
563	P	no
564	G	no
565	H-A	HOMD
566	H	no
567	P	no
568	H	HOMD
569	H	HOMD
570	H	no
571	H-U	no
572	P	no
573	H	no
574	U	no
575	H	no
576	H	no
577	H-G	no
578	G-U	no
579	H	no
580	U	no
581	U	no
582	U	no
583	U	no
584	N	no
585	H	no
586	H-P	no
587	H-N-P-Po	no
588	U	no
589	H	no
590	A	no
591	H	no
592	H	HOMD
593	H	no
594	P	no
595	H-A	HOMD
596	H	no
597	H	no
598	H	HOMD
599	H	no
600	H	no
601	H	no
602	H	no
603	H	no
604	H	no
605	H	no
606	H	no
607	H	no
608	H	no
609	H	HOMD
610	H	HOMD
611	H	no
612	H	no
613	H	no
614	H	HOMD
615	H	HOMD
616	H	HOMD
617	H	no
618	H	no
619	P	no
620	H	no
621	H	no
622	H	HOMD
623	H	no
624	H	no
625	H	no
626	H	no
627	H	no
628	H	no
629	H	no
630	H	HOMD
631	H	no
632	H	no
633	H	no
634	H	no
635	H	no
636	H	no
637	H	no
638	H	no
639	N	no
640	U	no
641	G	no
642	G-U	no
643	Env	no
644	U	no
645	G-U	no
646	U	no
647	G	no
648	G-U	no
649	U	no
650	G	no
651	U	no
652	H	no
653	H	no
654	H	no
655	U	no
656	H	no
657	U	no
658	U	no
659	Env	no
660	G	no
661	A	no
662	H	no
663	A	no
664	H-P	no
665	G	no
666	U	no
667	A	no
668	H	no
669	H	no
670	G	no
671	U	no
672	H-P	HOMD
673	H-P	no
674	Env	no
675	H	no
676	H	no
677	H	no
678	H	no
679	N	no
680	H	HOMD
681	H	no
682	U	no
683	H	HOMD
684	H	HOMD
685	H	HOMD
686	U	no
687	H	no
688	H	no
689	H	no
690	H	no
691	H	no
692	H	no
693	H	no
694	U	no
695	H	no
696	H	no
697	H	no
698	H	no
699	H	HOMD
700	H	HOMD
701	H	HOMD
702	H	no
703	H	no
704	H	no
705	H	HOMD
706	H	HOMD
707	H	no
708	H	no
709	Env	no
710	Env	no
711	H	no
712	U	no
713	H	no
714	H	no
715	H	no
716	H	no
717	H	no
718	H	no
719	H	no
720	H	HOMD
721	H	no
722	H	no
723	H	no
724	H	HOMD
725	H	no
726	H	no
727	H	no
728	H	no
729	H	no
730	H	no
731	H	no
732	H	no
733	H	no
734	H	no
735	H	no
736	H	no
737	H	no
738	H	no
739	U	no
740	P	no
741	H	HOMD
742	H	HOMD
743	H	HOMD
744	H	no
745	H	no
746	H	HOMD
747	H	HOMD
748	H	no
749	H	no
750	A	no
751	H	no
752	H	no
753	Env	no
754	H	HOMD
755	H	no
756	H	HOMD
757	H	HOMD
758	H	HOMD
759	H	HOMD
760	H	HOMD
761	H	HOMD
762	H	HOMD
763	H	no
764	H	HOMD
765	H	HOMD
766	H	HOMD
767	H	HOMD
768	H	no
769	H	no
770	H-N	HOMD
771	H	HOMD
772	H	no
773	H	no
774	H	no
775	A	no
776	H	HOMD
777	H	no
778	H	HOMD
779	H	HOMD
780	H	HOMD
781	G	no
782	H	no
783	U	no
784	H	no
785	H	no
786	H	no
787	H	no
788	H	no
789	G	no
790	H	no
791	H	no
792	N	no
793	H	HOMD
794	H	no
795	U	no
796	U	no
797	H	no
798	U	no
799	U	no
800	H	no
801	H	HOMD
802	H	HOMD
803	H	no
804	U	no
805	Env	no
806	Env	no
807	H	no
808	H	no
809	H	no
810	H	HOMD
811	H	no
812	H	HOMD
813	H	no
814	H	HOMD
815	H	HOMD
816	H	no
817	H	HOMD
818	H	no
819	H-U	HOMD
820	G	no
821	H	no
822	H	no
823	H	no
824	H	no
825	H	HOMD
826	H	no
827	H	no
828	H	no
829	H	HOMD
830	H	no
831	H	no
832	H	HOMD
833	H	HOMD
834	H	no
835	H	no
836	H	no
837	H	HOMD
838	H	no
839	H	no
840	H	no
841	G	no
842	H	HOMD
843	H	no
844	H	HOMD
845	H	HOMD
846	H	HOMD
847	U	no
848	H	HOMD
849	H-N	no
850	H	HOMD
851	H	no
852	H	no
853	H	HOMD
854	H	no
855	H	no
856	H	no
857	H	HOMD
858	H	no
859	H	no
860	H	no
861	H	no
862	H	no
863	H	no
864	H	HOMD
865	H	HOMD
866	H	no
867	H	no
868	H	HOMD
869	H	no
870	H	no
871	H	no
872	H	no
873	H	HOMD
874	H	no
875	H	no
876	H	HOMD
877	H	no
878	H	no
879	H	no
880	U	no
881	H	no
882	H	no
883	H	HOMD
884	H	no
885	H	no
886	H	no
887	H	no
888	H	no
889	H	no
890	H	no
891	H	no
892	H	no
893	H	no
894	H	no
895	H	no
896	G	no
897	U	no
898	U	no
899	H	no
900	H	no
901	H	HOMD
902	H	HOMD
903	H	no
904	H	no
905	H	no
906	H	HOMD
907	H	HOMD
908	H	no
909	H	no
910	H	HOMD
911	H	HOMD
912	H	HOMD
913	H	HOMD
914	H	HOMD
915	H	HOMD
916	H	no
917	H	no
918	H	no
919	H	no
920	H	HOMD
921	H	no
922	H	no
923	H	HOMD
924	H	HOMD
925	H	HOMD
926	H	HOMD
927	H	no
928	H	HOMD
929	H	no
930	H	HOMD
931	H	HOMD
932	H	no
933	H	HOMD
934	H	no
935	H	HOMD
936	H	HOMD
937	H	no
938	H	no
939	H	no
940	H	no
941	H	no
942	H	no
943	H	no
944	H	no
945	H	no
946	H	HOMD
947	H	no
948	H	no
949	H	no
950	H	no
951	H	no
952	H	no
953	H	no
954	H	no
955	H	no
956	H	no
957	H	no
958	H	no
959	H	no
960	H	no
961	H	no
962	H	no
963	H	no
964	H	HOMD
965	H	HOMD
966	H	no
967	H	HOMD
968	H	no
969	H	no
970	H	no
971	H	no
972	H	no
973	H	no
974	H	no
975	H	no
976	H	no
977	H	no
978	H	no
979	H	no
980	H	no
981	H	HOMD
982	H	no
983	H	no
984	H	no
985	H	HOMD
986	H	HOMD
987	H	no
988	H	HOMD
989	H	HOMD
990	H	no
991	H	HOMD
992	H	no
993	H	HOMD
994	H	no
995	H	no
996	H	no
997	H	no
998	H	no
999	H	HOMD
1000	H	HOMD
1001	H	no
1002	H-G	HOMD
1003	H-N	no
1004	H	HOMD
1005	H	HOMD
1006	H	no
1007	H	no
1008	H-U	no
1009	H	HOMD
1010	H	HOMD
1011	H	HOMD
1012	H-U	HOMD
1013	U	no
1014	H	HOMD
1015	G	no
1016	R	no
1017	G	no
1018	H	no
1019	A	no
1020	G	no
1021	G	no
1022	H-N-P	no
1023	H	HOMD
1024	H	no
1025	H	no
1026	H	no
1027	H	no
1028	H	no
1029	H	no
1030	H	no
1031	H	no
1032	H	no
1033	H	no
1034	H	no
1035	H	HOMD
1036	H	no
1037	H	no
1038	H	no
1039	H	no
1040	H	no
1041	H	HOMD
1042	H	HOMD
1043	H	no
1044	H	HOMD
1045	H	no
1046	H	no
1047	H	HOMD
1048	H	no
1049	H	no
1050	H	no
1051	H	no
1052	H	no
1053	H	no
1054	H	no
1055	H	HOMD
1056	H	no
1057	H	no
1058	H	no
1059	H	no
1060	H	no
1061	P	no
1062	A	no
1063	U	no
1064	H	no
1065	H-N	no
1066	H	no
1067	H	no
1068	H	no
1069	H	no
1070	P	no
1071	U	no
1072	H	no
1073	H	no
1074	H	no
1075	H	no
1076	H	no
1077	H	no
1078	G	no
1079	H	no
1080	P	no
1081	H	no
1082	H-N	HOMD
1083	H	no
1084	P-G	no
1085	H	no
1086	H	no
1087	H	no
1088	H	no
1089	H	no
1090	H	no
1091	H	no
1092	H	no
1093	H	HOMD
1094	H	no
1095	H	no
1096	H	no
1097	H	no
1098	H	no
1099	H	no
1100	H	HOMD
1101	H	no
1102	H	no
1103	H	no
1104	H	HOMD
1105	H	HOMD
1106	P	no
1107	H	HOMD
1108	U	no
1109	H	no
1110	H	no
1111	P	no
1112	H	HOMD
1113	H	no
1114	H	no
1115	H	no
1116	U	no
1117	H	no
1118	Env	no
1119	Env	no
1120	H	no
1121	H	no
1122	H	no
1123	H	no
1124	H	no
1125	H	HOMD
1126	H	no
1127	H	no
1128	U	no
1129	G	no
1130	H	no
1131	Env	no
1132	U	no
1133	U	no
1134	H	no
1135	H	no
1136	H	no
1137	H	no
1138	H-P	no
1139	H	no
1140	H	no
1141	H-U	HOMD
1142	H	no
1143	U	no
1144	U	no
1145	U	no
1146	H	no
1147	H	HOMD
1148	H	no
1149	H	no
1150	H-A	HOMD
1151	H-P	HOMD
1152	H	HOMD
1153	Env	no
1154	Env	no
1155	U	no
1156	Env	no
1157	R	no
1158	U	no
1159	U	no
1160	U	no
1161	G-U	no
1162	U	no
1163	H	no
1164	H	no
1165	H	no
1166	H	no
1167	H	no
1168	U	no
1169	U	no
1170	H	no
1171	H	no
1172	H	HOMD
1173	A	no
1174	H	no
1175	H	no
1176	H	HOMD
1177	H	no
1178	U	no
1179	A	no
1180	H	HOMD
1181	H	no
1182	H	no
1183	H	no
1184	H	HOMD
1185	A	no
1186	H	no
1187	H	no
1188	H	HOMD
1189	U	no
1190	H	no
1191	H	HOMD
1192	H	HOMD
1193	H	HOMD
1194	H	HOMD
1195	H	no
1196	G	no
1197	H	HOMD
1198	H	HOMD
1199	H	no
1200	H	HOMD
1201	H	HOMD
1202	A	no
1203	H	HOMD
1204	H	HOMD
1205	H	no
1206	H	no
1207	H	no
1208	U	no
1209	H	HOMD
1210	Env	no
1211	U	no
1212	H	no
1213	H-U	no
1214	G	no
1215	H	HOMD
1216	H	HOMD
1217	H	HOMD
1218	H-A	HOMD
1219	G	no
1220	G	no
1221	A	no
1222	H	no
1223	H	no
1224	H	HOMD
1225	H	no
1226	H	no
1227	H	no
1228	H	no
1229	H	no
1230	H	no
1231	H	no
1232	H	no
1233	H	no
1234	H	HOMD
1235	H	HOMD
1236	H	no
1237	H	no
1238	H	no
1239	H	no
1240	H	no
1241	H	HOMD
1242	H	HOMD
1243	H	no
1244	H	no
1245	H	no
1246	H	no
1247	H	no
1248	U	no
1249	H	HOMD
1250	H	no
1251	H	HOMD
1252	H	HOMD
1253	G	no
1254	U	no
1255	Env	no
1256	G-U	no
1257	U	no
1258	G-U	no
1259	Env	no
1260	H	no
1261	H	no
1262	H	no
1263	H	no
1264	H-G	no
1265	H	no
1266	H	no
1267	H	no
1268	H	HOMD
1269	H	no
1270	H	no
1271	H	no
1272	H	no
1273	H	no
1274	H	HOMD
1275	H	no
1276	H	no
1277	H	no
1278	H	no
1279	H	no
1280	H	HOMD
1281	H	HOMD
1282	H	no
1283	H	HOMD
1284	H	HOMD
1285	H	HOMD
1286	H	no
1287	H	no
1288	H	no
1289	H	no
1290	H	HOMD
1291	H	no
1292	H	no
1293	H	HOMD
1294	H	no
1295	H	HOMD
1296	H	no
1297	H	no
1298	H	HOMD
1299	H	no
1300	H	HOMD
1301	H	HOMD
1302	H	no
1303	H	no
1304	H	no
1305	H	no
1306	P	no
1307	H	no
1308	P	no
1309	U	no
1310	H	no
1311	H	no
1312	U	no
1313	H	no
1314	H	HOMD
1315	H	no
1316	H	no
1317	H	no
1318	H	HOMD
1319	H-P	no
1320	H	HOMD
1321	H	no
1322	H	HOMD
1323	H	HOMD
1324	G	no
1325	H	no
1326	H-P-G	no
1327	G	no
1328	H	no
1329	H	no
1330	A	no
1331	H	no
1332	H	HOMD
1333	H-P-G	no
1334	H-Po	no
1335	P	no
1336	H	HOMD
1337	H	no
1338	Env	no
1339	Env	no
1340	H	no
1341	H	no
1342	P	no
1343	Env	no
1344	Env	no
1345	Env	no
1346	Env	no
1347	Env	no
1348	Env	no
1349	A	no
1350	Env	no
1351	H	no
1352	H	no
1353	H	no
1354	Env	no
1355	Env	no
1356	P-G	no
1357	H-N-Po	HOMD
1358	G-U	no
1359	H	HOMD
1360	G	no
1361	H	HOMD
1362	H-P-G	HOMD
1363	Env	no
1364	Env	no
1365	Env	no
1366	Env	no
1367	Env	no
1368	Env	no
1369	Env	no
1370	Env	no
1371	Env	no
1372	Env	no
1373	Env	no
1374	Env	no
1375	Env	no
1376	Env	no
1377	Env	no
1378	Env	no
1379	Env	no
1380	Env	no
1381	Env	no
1382	Env	no
1383	Env	no
1384	Env	no
1385	Env	no
1386	Env	no
1387	Env	no
1388	Env	no
1389	Env	no
1390	Env	no
1391	Env	no
1392	Env	no
1393	Env	no
1394	P	no
1395	Env	no
1396	Env	no
1397	Env	no
1398	Env	no
1399	Env	no
1400	Env	no
1401	Env	no
1402	Env	no
1403	Env	no
1404	Env	no
1405	Env	no
1406	Env	no
1407	H	no
1408	Env	no
1409	Env	no
1410	Env	no
1411	U	no
1412	Env	no
1413	Env	no
1414	Env	no
1415	Env	no
1416	U	no
1417	H	no
1418	H	no
1419	H	no
1420	H	no
1421	Env	no
1422	H	no
1423	Env	no
1424	P-U	no
1425	H-N	no
1426	P	no
1427	H-N-P	HOMD
1428	H-N	no
1429	U	no
1430	U	no
1431	H	no
1432	H	no
1433	G	no
1434	H	no
1435	H	no
1436	H	no
1437	H	no
1438	H	HOMD
1439	Env	no
1440	U	no
1441	H	HOMD
1442	H	no
1443	H	no
1444	H	HOMD
1445	H	no
1446	H	no
1447	H	no
1448	H	no
1449	H	no
1450	H	no
1451	H	no
1452	G	no
1453	P-G	no
1454	H	HOMD
1455	H	HOMD
1456	H	HOMD
1457	H	HOMD
1458	H	no
1459	H-N	no
1460	H	HOMD
1461	H	HOMD
1462	H	no
1463	H-N-P	no
1464	H-N	no
1465	U	no
1466	H-P	HOMD
1467	H	no
1468	H	no
1469	H-N-P-G	HOMD
1470	H	no
1471	H	no
1472	H	HOMD
1473	H	no
1474	H	no
1475	H	no
1476	Env	no
1477	N	no
1478	H	no
1479	Env	no
1480	U	no
1481	G	no
1482	H	HOMD
1483	N	no
1484	A	no
1485	H	no
1486	H	no
1487	H	no
1488	U	no
1489	U	no
1490	H	no
1491	H	no
1492	H-U	HOMD
1493	U	no
1494	U	no
1495	U	no
1496	U	no
1497	U	no
1498	H	no
1499	H-P-G-A	no
1500	H-A	no
1501	U	no
1502	H	no
1503	U	no
1504	A	no
1505	H	no
1506	H-P-A	HOMD
1507	H-U	HOMD
1508	H-U	HOMD
1509	H	HOMD
1510	G	no
1511	G	no
1512	H	no
1513	U	no
1514	Env	no
1515	Env	no
1516	Env	no
1517	N	no
1518	H	no
1519	Po	no
1520	Env	no
1521	U	no
1522	H	no
1523	U	no
1524	U	no
1525	Env	no
1526	H	no
1527	H	no
1528	G	no
1529	U	no
1530	U	no
1531	H	no
1532	U	no
1533	U	no
1534	H	no
1535	H-U	no
1536	U	no
1537	U	no
1538	U	no
1539	G-U	no
1540	U	no
1541	U	no
1542	U	no
1543	U	no
1544	U	no
1545	U	no
1546	G-U	no
1547	H	no
1548	Env	no
1549	Env	no
1550	Env	no
1551	Env	no
1552	Env	no
1553	H	no
1554	Env	no
1555	Env	no
1556	Env	no
1557	Env	no
1558	Env	no
1559	Env	no
1560	Env	no
1561	Env	no
1562	Env	no
1563	Env	no
1564	Env	no
1565	Env	no
1566	Env	no
1567	Env	no
1568	Env	no
1569	Env	no
1570	U	no
1571	Env	no
1572	Env	no
1573	H	no
1574	H	no
1575	P	no
1576	H	no
1577	A	no
1578	H	no
1579	H	no
1580	H	HOMD
1581	H	no
1582	H	no
1583	H	no
1584	H	HOMD
1585	H	HOMD
1586	A	no
1587	A	no
1588	H	no
1589	H	HOMD
1590	G	no
1591	H	HOMD
1592	G	no
1593	G	no
1594	H	no
1595	H	no
1596	H	no
1597	H	no
1598	H	HOMD
1599	H	no
1600	U	no
1601	H	HOMD
1602	H	HOMD
1603	H	HOMD
1604	H-N	no
1605	H	no
1606	H	no
1607	H	no
1608	H	no
1609	H	HOMD
1610	H	no
1611	H	no
1612	H	no
1613	H	no
1614	H	HOMD
1615	H	no
1616	H	HOMD
1617	H	HOMD
1618	H	no
1619	H	no
1620	H	no
1621	H	no
1622	H	no
1623	H	no
1624	H	no
1625	H	no
1626	H	no
1627	H	no
1628	H	no
1629	H	no
1630	H	no
1631	H	HOMD
1632	H	no
1633	H	HOMD
1634	H	no
1635	P-G	no
1636	U	no
1637	H	HOMD
1638	H	no
1639	Env	no
1640	H	no
1641	H	no
1642	G-U-R	no
1643	H-G	no
1644	H	HOMD
1645	Env	no
1646	Env	no
1647	Env	no
1648	H	HOMD
1649	H	HOMD
1650	U	no
1651	U	no
1652	H	no
1653	H	no
1654	H	HOMD
1655	H	HOMD
1656	H	no
1657	H	HOMD
1658	H	HOMD
1659	H	HOMD
1660	H	HOMD
1661	H	HOMD
1662	H-N	no
1663	G	no
1664	H	HOMD
1665	G	no
1666	A	no
1667	H	HOMD
1668	A	no
1669	H	HOMD
1670	H	no
1671	H	no
1672	A	no
1673	H-N	no
1674	H-P-G	HOMD
1675	H	HOMD
1676	G	no
1677	U	no
1678	H	no
1679	R	no
1680	H-A	HOMD
1681	H	no
1682	H	HOMD
1683	G	no
1684	H	no
1685	H	HOMD
1686	H-N	HOMD
1687	N	no
1688	H	no
1689	G	no
1690	H	no
1691	H-N	no
1692	H-P-G	no
1693	H-N	no
1694	H	no
1695	H	no
1696	H	no
1697	Env	no
1698	U	no
1699	H	no
1700	A	no
1701	H	HOMD
1702	H	no
1703	H	no
1704	H	no
1705	H-N	no
1706	H	HOMD
1707	P	no
1708	H	no
1709	U	no
1710	H	no
1711	U	no
1712	U	no
1713	U	no
1714	Env	no
1715	H	HOMD
1716	H	no
1717	U	no
1718	U	no
1719	H	no
1720	H	HOMD
1721	P	no
1722	G	no
1723	H	no
1724	H	HOMD
1725	H	HOMD
1726	U	no
1727	Env	no
1728	H	no
1729	P	no
1730	H	no
1731	Env	no
1732	Env	no
1733	Env	no
1734	Env	no
1735	U	no
1736	H-N	no
1737	A	no
1738	H	HOMD
1739	U	no
1740	H	no
1741	H	no
1742	H	no
1743	Env	no
1744	Env	no
