ERS	ERR	Pandora	ERSX
ERS15409338	ERR11413657	AHK001.A0101	ERSX0004001
ERS15409339	ERR11413658	AKI001.A0101	ERSX0004002
ERS15409340	ERR11413659	AKI002.A0101	ERSX0004003
ERS15409341	ERR11413660	AMH001.A0101	ERSX0004004
ERS15409342	ERR11413661	AMH002.A0101	ERSX0004005
ERS15409343	ERR11413662	AMH003.A0101	ERSX0004006
ERS15409344	ERR11413663	AMH004.A0101	ERSX0004007
ERS15409345	ERR11413664	ANK001.A0101	ERSX0004008
ERS15409346	ERR11413665	ANN001.A0101	ERSX0004009
ERS15409347	ERR11413666	ANN002.A0101	ERSX0004010
ERS15409348	ERR11413667	ANN003.A0101	ERSX0004011
ERS15409349	ERR11413668	ANN004.A0101	ERSX0004012
ERS15409350	ERR11413669	AON001.A0101	ERSX0004013
ERS15409351	ERR11413670	AON002.A0101	ERSX0004014
ERS15409352	ERR11413671	ATT001.A0101	ERSX0004015
ERS15409353	ERR11413672	ATT002.A0101	ERSX0004016
ERS15409354	ERR11413673	EFE002.B0101	ERSX0004017
ERS15409355	ERR11413674	EFE003.B0101	ERSX0004018
ERS15409356	ERR11413675	EFE004.B0101	ERSX0004019
ERS15409357	ERR11413676	EFE005.B0101	ERSX0004020
ERS15409358	ERR11413677	EFE006.B0101	ERSX0004021
ERS15409359	ERR11413678	FUT018.B0101	ERSX0004022
ERS15409360	ERR11413679	FUT021.B0101	ERSX0004023
ERS15409361	ERR11413680	FUT024.B0101	ERSX0004024
ERS15409362	ERR11413681	HCLVMBCX2-3505-01-00-01_S1	ERSX0004025
ERS15409363	ERR11413682	HCLVMBCX2-3505-02-00-01_S2	ERSX0004026
ERS15409364	ERR11413683	HCLVMBCX2-3505-03-00-01_S3	ERSX0004027
ERS15409365	ERR11413684	HCLVMBCX2-3505-04-00-01_S4	ERSX0004028
ERS15409366	ERR11413685	HCLVMBCX2-3505-05-00-01_S5	ERSX0004029
ERS15409367	ERR11413686	HCLVMBCX2-3505-06-00-01_S6	ERSX0004030
ERS15409368	ERR11413687	HCLVMBCX2-3505-07-00-01_S7	ERSX0004031
ERS15409369	ERR11413688	HCLVMBCX2-3505-08-00-01_S8	ERSX0004032
ERS15409370	ERR11413689	HCLVMBCX2-3505-09-00-01_S9	ERSX0004033
ERS15409371	ERR11413690	HCLVMBCX2-3505-10-00-01_S10	ERSX0004034
ERS15409372	ERR11413691	HCLVMBCX2-3505-11-00-01_S11	ERSX0004035
ERS15409373	ERR11413692	HCLVMBCX2-3505-12-00-01_S12	ERSX0004036
ERS15409374	ERR11413693	HCLVMBCX2-3505-14-00-01_S14	ERSX0004038
ERS15409375	ERR11413694	HCLVMBCX2-3505-15-00-01_S15	ERSX0004039
ERS15409376	ERR11413695	HCLVMBCX2-3505-16-00-01_S16	ERSX0004040
ERS15409377	ERR11413696	HCLVMBCX2-3505-17-00-01_S17	ERSX0004041
ERS15409378	ERR11413697	HCLVMBCX2-3505-18-00-01_S18	ERSX0004042
ERS15409379	ERR11413698	HCLVMBCX2-3505-20-00-01_S20	ERSX0004044
ERS15409380	ERR11413699	HCLVMBCX2-3505-21-00-01_S21	ERSX0004045
ERS15409381	ERR11413700	HCLVMBCX2-3505-22-00-01_S22	ERSX0004046
ERS15409382	ERR11413701	HCLVMBCX2-3505-23-00-01_S23	ERSX0004047
ERS15409383	ERR11413702	HCLVMBCX2-3505-24-00-01_S24	ERSX0004048
ERS15409384	ERR11413703	HCLVMBCX2-3505-25-00-01_S25	ERSX0004049
ERS15409385	ERR11413704	HCLVMBCX2-3505-26-00-01_S26	ERSX0004050
ERS15409386	ERR11413705	HCLVMBCX2-3505-27-00-01_S27	ERSX0004051
ERS15409387	ERR11413706	HCLVMBCX2-3505-28-00-01_S28	ERSX0004052
ERS15409388	ERR11413707	HCLVMBCX2-3505-29-00-01_S29	ERSX0004053
ERS15409389	ERR11413708	HCLVMBCX2-3505-31-00-01_S31	ERSX0004054
ERS15409390	ERR11413709	HCLVMBCX2-3505-33-00-01_S33	ERSX0004056
ERS15409391	ERR11413710	NMU115.A0101	ERSX0004060
ERS15409392	ERR11413711	NMU116.A0101	ERSX0004061
ERS15409393	ERR11413712	NMU117.A0101	ERSX0004062
ERS15409394	ERR11413713	NMU118.A0101	ERSX0004063
ERS15409395	ERR11413714	NMU119.A0101	ERSX0004064
ERS15409396	ERR11413715	NMU120.A0101	ERSX0004065
ERS15409397	ERR11413716	NMU121.A0101	ERSX0004066
ERS15409398	ERR11413717	NMU122.A0101	ERSX0004067
ERS15409399	ERR11413718	NMU123.A0101	ERSX0004068
ERS15409400	ERR11413719	NMU124.A0101	ERSX0004069
ERS15409401	ERR11413720	NMU125.A0101	ERSX0004070
ERS15409402	ERR11413721	NMU126.A0101	ERSX0004071
ERS15409403	ERR11413722	NMU127.A0101	ERSX0004072
ERS15409404	ERR11413723	NMU128.A0101	ERSX0004073
ERS15409405	ERR11413724	NMU129.A0101	ERSX0004074
ERS15409406	ERR11413725	NMU130.A0101	ERSX0004075
ERS15409407	ERR11413726	NMU131.A0101	ERSX0004076
ERS15409408	ERR11413727	PAH001.A0102	ERSX0004077
ERS15409409	ERR11413728	PAH002.A0101	ERSX0004078
ERS15409410	ERR11413729	PAH003.A0101	ERSX0004079
ERS15409412	ERR11413731	RAP001.A0101	ERSX0004081
ERS15409413	ERR11413732	RAP002.A0101	ERSX0004082
ERS15409414	ERR11413733	SIG031.A0101	ERSX0004083
ERS15409415	ERR11413734	SIG032.A0101	ERSX0004084
ERS15409416	ERR11413735	SIG033.A0101	ERSX0004085
ERS15409417	ERR11413736	SIG034.A0101	ERSX0004086
ERS15409418	ERR11413737	SIG035.A0101	ERSX0004087
ERS15409419	ERR11413738	SIG036.A0101	ERSX0004088
ERS15409420	ERR11413739	SIG037.A0101	ERSX0004089
ERS15409421	ERR11413740	SIG038.A0101	ERSX0004090
ERS15409422	ERR11413741	SIG039.A0101	ERSX0004091
ERS15409423	ERR11413742	SIG040.A0101	ERSX0004092
ERS15409423	ERR11413743	SIG040.A0201	ERSX0004093
ERS15409424	ERR11413744	SIG041.A0101	ERSX0004094
ERS15409425	ERR11413745	SIG042.A0101	ERSX0004095
ERS15409426	ERR11413746	SIG043.A0101	ERSX0004096
ERS15409427	ERR11413747	SIG044.A0101	ERSX0004097
ERS15409428	ERR11413748	SIG045.A0101	ERSX0004098
ERS15409429	ERR11413749	SIG046.A0101	ERSX0004099
ERS15409429	ERR11413750	SIG046.A0201	ERSX0004100
ERS15409430	ERR11413751	SIG047.A0101	ERSX0004101
ERS15409431	ERR11413752	TAP001.B0101	ERSX0004102
ERS15409432	ERR11413753	TAP003.B0101	ERSX0004103
ERS15409433	ERR11413754	TON001.C0101	ERSX0004104
ERS15409434	ERR11413755	TON003.B0101	ERSX0004105
ERS15409435	ERR11413756	TON004.B0101	ERSX0004106
ERS15409436	ERR11413757	TON005.B0101	ERSX0004107
ERS15409437	ERR11413758	TON006.B0101	ERSX0004108
ERS15409438	ERR11413759	TON007.B0101	ERSX0004109
ERS26854147	Not_uploaded_to_ENA	HPD005.B0101	ERSX0004057
ERS26854148	Not_uploaded_to_ENA	HPD006.B0101	ERSX0004058
ERS26854149	Not_uploaded_to_ENA	HPD007.B0101	ERSX0004059
ERS22873782	ERR14111892	GRF001.A	ERSX0002001
ERS22873783	ERR14111893	GRF001.B	ERSX0002002
ERS22873784	ERR14111894	GRF001.C	ERSX0002002
ERS22873785	ERR14111895	GRF001.D	ERSX0002003
ERS22873794	ERR14111904	SMH005.A0101	ERSX0003001
ERS22873794	ERR14111905	SMH005.A0102	ERSX0003001
ERS22873795	ERR14111906	SMH007.A0101	ERSX0003002
ERS22873795	ERR14111907	SMH007.A0102	ERSX0003002
ERS22873796	ERR14111908	SMH008.A0101	ERSX0003003
ERS22873796	ERR14111909	SMH008.A0102	ERSX0003003
ERS26854150	Not_uploaded_to_ENA	CSC001.A0101	ERSX0005001
