Study	Secondary_sample_accession	Eager_label
Granehaell2021	ERS6205384	2081
Granehaell2021	ERS6205385	2082
Granehaell2021	ERS6205386	2083
Granehaell2021	ERS6205387	2084
Granehaell2021	ERS6205388	2086
Granehaell2021	ERS6205389	2087
Granehaell2021	ERS6205390	2089
Granehaell2021	ERS6205391	2090
Granehaell2021	ERS6205392	2091
Granehaell2021	ERS6205393	2092
Granehaell2021	ERS6205394	2093
Granehaell2021	ERS6205395	2094
Granehaell2021	ERS6205396	2095
Granehaell2021	ERS6205397	2096
Granehaell2021	ERS6205398	2097
Granehaell2021	ERS6205399	2099
Granehaell2021	ERS6205400	2100
Granehaell2021	ERS6205401	2102
Granehaell2021	ERS6205402	2103
Granehaell2021	ERS6205403	2104
Ozga2019	SRS4625244	02C
Ozga2019	SRS4625243	04C
Ozga2019	SRS4625242	05C
Ozga2019	SRS4625241	07C
Ozga2019	SRS4625248	13C
Ozga2019	SRS4625247	14C
Ozga2019	SRS4625246	16C
Ozga2019	SRS4625245	17C
Ozga2019	SRS4625250	18C
Ozga2019	SRS4625249	19C
Ozga2019	SRS4625239	20C
Ozga2019	SRS4625238	21C
Ozga2019	SRS4625237	22C
Ozga2019	SRS4625236	24C
Ozga2019	SRS4625235	25C
Ozga2019	SRS4625234	26C
Ozga2019	SRS4625233	27C
Ozga2019	SRS4625232	28C
Ozga2019	SRS4625240	29C
FellowsYates2021	ERS3774399	ABM006.A0101
FellowsYates2021	ERS3774426	ABM007.A0101
FellowsYates2021	ERS3774427	ABM008.A0101
Velsko2019	ERS3636033	Abusir1504c
Velsko2019	ERS3636044	Abusir1511c
Velsko2019	ERS3636092	Abusir1519c
Velsko2019	ERS3636013	Abusir1574c
Velsko2019	ERS3636007	Abusir1594c
PacificCalculus	ERSX0004001	AHK001.A0101
PacificCalculus	ERSX0004002	AKI001.A0101
PacificCalculus	ERSX0004003	AKI002.A0101
PacificCalculus	ERSX0004004	AMH001.A0101
PacificCalculus	ERSX0004005	AMH002.A0101
PacificCalculus	ERSX0004006	AMH003.A0101
PacificCalculus	ERSX0004007	AMH004.A0101
PacificCalculus	ERSX0004008	ANK001.A0101
PacificCalculus	ERSX0004009	ANN001.A0101
PacificCalculus	ERSX0004010	ANN002.A0101
PacificCalculus	ERSX0004011	ANN003.A0101
PacificCalculus	ERSX0004012	ANN004.A0101
Ottoni2019	ERS3887046	ANSP11833
Ottoni2019	ERS3887047	ANSP3271
PacificCalculus	ERSX0004013	AON001.A0101
PacificCalculus	ERSX0004014	AON002.A0101
PacificCalculus	ERSX0004015	ATT001.A0101
PacificCalculus	ERSX0004016	ATT002.A0101
Warinner2014	SRS473742	B61
FellowsYates2021	ERS3774432	BAN001.A0101
Ottoni2019	ERS3887040	BB01
Ottoni2019	ERS3887041	BB05
Ottoni2019	ERS3887041	BB05-T06
Ottoni2019	ERS3887042	BB06
Ottoni2019	ERS3887043	BB08
Ottoni2019	ERS3887043	BB08-T08
Ottoni2019	ERS3887044	BB09
Ottoni2019	ERS3887045	BB11
FellowsYates2021	ERS3774407	BIT001.A0101
FellowsYates2021	ERS3774476	BSQ001.A0101
FellowsYates2021	ERS3774412	CDC005.A0101
FellowsYates2021	ERS3774413	CDC006.A0101
FellowsYates2021	ERS3774414	CDC007.A0101
FellowsYates2021	ERS3774415	CDC008.A0101
FellowsYates2021	ERS3774416	CDC009.A0101
FellowsYates2021	ERS3774417	CDC010.A0101
FellowsYates2021	ERS3774418	CDC011.A0101
Fagernaes2022	ERS6636085	CDM041.G0101
Fagernaes2022	ERS6636085	CDM041.K0101
Fagernaes2022	ERS6636085	CDM041.U0101
Fagernaes2022	ERS6636085	CDM041.V0101
Fagernaes2022	ERS6636085	CDM041.Y0101
Fagernaes2022	ERS6636090	CDM042.C0101
Fagernaes2022	ERS6636090	CDM042.E0101
Fagernaes2022	ERS6636090	CDM042.G0101
Fagernaes2022	ERS6636090	CDM042.H0101
Fagernaes2022	ERS6636090	CDM042.M0101
Fagernaes2022	ERS6636090	CDM042.P0101
Fagernaes2022	ERS6636090	CDM042.Q0101
Fagernaes2022	ERS6636090	CDM042.U0101
Fagernaes2022	ERS6636090	CDM042.W0101
Fagernaes2022	ERS6636099	CDM043.L0101
Fagernaes2022	ERS6636099	CDM043.P0101
Fagernaes2022	ERS6636099	CDM043.T0101
Fagernaes2022	ERS6636099	CDM043.U0101
Fagernaes2022	ERS6636099	CDM043.X0101
Fagernaes2022	ERS6636099	CDM043.Y0101
Fagernaes2022	ERS6636090	CDM045.F0101
Fagernaes2022	ERS6636090	CDM045.G0101
Fagernaes2022	ERS6636090	CDM045.H0101
Fagernaes2022	ERS6636090	CDM045.I0101
Fagernaes2022	ERS6636090	CDM045.L0101
Fagernaes2022	ERS6636090	CDM045.M0101
Fagernaes2022	ERS6636090	CDM045.Q0101
Fagernaes2022	ERS6636090	CDM045.R0101
Fagernaes2022	ERS6636090	CDM045.S0101
Fagernaes2022	ERS6636099	CDM046.A0101
Fagernaes2022	ERS6636099	CDM046.B0101
Fagernaes2022	ERS6636099	CDM046.F0101
Fagernaes2022	ERS6636099	CDM046.G0101
Fagernaes2022	ERS6636099	CDM046.H0101
Fagernaes2022	ERS6636099	CDM046.N0101
Fagernaes2022	ERS6636099	CDM046.Q0101
Fagernaes2022	ERS6636099	CDM046.V0101
Fagernaes2022	ERS6636099	CDM046.Y0101
Fagernaes2022	ERS6636099	CDM047.B0101
Fagernaes2022	ERS6636099	CDM047.E0101
Fagernaes2022	ERS6636099	CDM047.H0101
Fagernaes2022	ERS6636099	CDM047.S0101
Fagernaes2022	ERS6636099	CDM047.V0101
Fagernaes2022	ERS6636085	CDM048.A0101
Fagernaes2022	ERS6636085	CDM048.D0101
Fagernaes2022	ERS6636085	CDM048.E0101
Fagernaes2022	ERS6636085	CDM048.F0101
Fagernaes2022	ERS6636085	CDM048.I0101
Fagernaes2022	ERS6636085	CDM048.K0101
Fagernaes2022	ERS6636085	CDM048.N0101
Fagernaes2022	ERS6636085	CDM048.O0101
Fagernaes2022	ERS6636085	CDM048.P0101
Fagernaes2022	ERS6636085	CDM048.Q0101
Fagernaes2022	ERS6636085	CDM048.S0101
Fagernaes2022	ERS6636085	CDM048.V0101
Fagernaes2022	ERS6636085	CDM048.W0101
Fagernaes2022	ERS6636085	CDM048.Z0101
Fagernaes2022	ERS6636085	CDM049.A0101
Fagernaes2022	ERS6636085	CDM049.D0101
Fagernaes2022	ERS6636085	CDM049.E0101
Fagernaes2022	ERS6636085	CDM049.F0101
Fagernaes2022	ERS6636085	CDM049.I0101
Fagernaes2022	ERS6636085	CDM049.K0101
Fagernaes2022	ERS6636085	CDM049.M0101
Fagernaes2022	ERS6636085	CDM049.P0101
Fagernaes2022	ERS6636085	CDM049.S0101
Fagernaes2022	ERS6636085	CDM049.W0101
Fagernaes2022	ERS6636154	CDM050.L0101
Fagernaes2022	ERS6636154	CDM050.V0101
Fagernaes2022	ERS6636154	CDM050.X0101
Fagernaes2022	ERS6636154	CDM050.Z0101
Fagernaes2022	ERS6636154	CDM051.A0101
Fagernaes2022	ERS6636154	CDM051.D0101
Fagernaes2022	ERS6636154	CDM051.G0101
Fagernaes2022	ERS6636154	CDM051.I0101
Fagernaes2022	ERS6636154	CDM051.M0101
Fagernaes2022	ERS6636154	CDM051.R0101
Fagernaes2022	ERS6636154	CDM051.S0101
Fagernaes2022	ERS6636154	CDM051.U0101
Fagernaes2022	ERS6636154	CDM051.V0101
Fagernaes2022	ERS6636154	CDM051.Z0101
Fagernaes2022	ERS6636154	CDM052.F0101
Fagernaes2022	ERS6636154	CDM052.I0101
Fagernaes2022	ERS6636154	CDM052.J0101
Fagernaes2022	ERS6636154	CDM052.K0101
Fagernaes2022	ERS6636154	CDM052.M0101
Fagernaes2022	ERS6636154	CDM052.N0101
Velsko2022	ERS11702721	CMB001.A0101
Velsko2022	ERS11702722	CMB002.A0101
Velsko2022	ERS11702723	CMB003.A0101
Velsko2022	ERS11702724	CMB004.A0101
Velsko2022	ERS11702725	CMB005.A0101
Velsko2022	ERS11702726	CMB006.A0101
Velsko2022	ERS11702727	CMB007.A0101
Velsko2022	ERS11702728	CMB008.A0101
Velsko2019	ERS2985742	CS01
Velsko2019	ERS2985743	CS02
Velsko2019	ERS2985744	CS03
Velsko2019	ERS2985745	CS04
Velsko2019	ERS2985746	CS07
Velsko2019	ERS2985747	CS08
Velsko2019	ERS2985748	CS09
Velsko2019	ERS2985749	CS10
Velsko2019	ERS2985750	CS11
Velsko2019	ERS2985751	CS12
Velsko2019	ERS2985752	CS13
Velsko2019	ERS2985753	CS14
Velsko2019	ERS2985754	CS15
Velsko2019	ERS2985755	CS16
Velsko2019	ERS2985756	CS17
Velsko2019	ERS2985757	CS18
Velsko2019	ERS2985758	CS19
Velsko2019	ERS2985759	CS20
Velsko2019	ERS2985760	CS21
Velsko2019	ERS2985761	CS22
Velsko2019	ERS2985762	CS23
Velsko2019	ERS2985763	CS24
Velsko2019	ERS2985764	CS26
Velsko2019	ERS2985765	CS27
Velsko2019	ERS2985766	CS28
Velsko2019	ERS2985767	CS29
Velsko2019	ERS2985768	CS30
Velsko2019	ERS2985769	CS31
Velsko2019	ERS2985770	CS32
Velsko2019	ERS2985771	CS33
Velsko2019	ERS2985772	CS34
Velsko2019	ERS2985773	CS35
Velsko2019	ERS2985774	CS36
Velsko2019	ERS2985775	CS37
Velsko2019	ERS2985776	CS38
Velsko2019	ERS2985777	CS39
Velsko2019	ERS2985778	CS40
Velsko2019	ERS2985779	CS42
Velsko2019	ERS2985780	CS43
Velsko2019	ERS2985781	CS44
Velsko2019	ERS2985782	CS45
Velsko2019	ERS2985783	CS46
Velsko2019	ERS2985784	CS47
Velsko2019	ERS2985785	CS48
FellowsYates2021	ERS3774400	DJA002.A0101
FellowsYates2021	ERS3774428	DJA006.A0101
FellowsYates2021	ERS3774429	DJA007.A0101
FellowsYates2021	ERS3774466	DLV001.A0101
FellowsYates2021	ERS3774467	DLV002.A0101
Fagernaes2020	ERS4042406	DRT001
FellowsYates2021	ERS3774401	EBO001.A0101
FellowsYates2021	ERS3774402	EBO003.A0101
FellowsYates2021	ERS3774430	EBO008.A0101
FellowsYates2021	ERS3774431	EBO009.A0101
FellowsYates2021	ERS3774458	ECO002.B0101
FellowsYates2021	ERS3774458	ECO002.C0101
FellowsYates2021	ERS3774460	ECO004.B0101
FellowsYates2021	ERS3774460	ECO004.C0101
FellowsYates2021	ERS3774462	ECO006.B0101
FellowsYates2021	ERS3774463	ECO010.B0101
PacificCalculus	ERSX0004017	EFE002.B0101
PacificCalculus	ERSX0004018	EFE003.B0101
PacificCalculus	ERSX0004019	EFE004.B0101
PacificCalculus	ERSX0004020	EFE005.B0101
PacificCalculus	ERSX0004021	EFE006.B0101
Velsko2022	ERS11702729	ELR003.A0101
Velsko2022	ERS11702730	ELR004.A0101
Velsko2022	ERS11702731	ELR006.A0101
Velsko2022	ERS11702732	ELR008.A0101
Velsko2022	ERS11702733	ELR010.A0101
FellowsYates2021	ERS3774464	EMN001.A0101
Scorrano2022	ERS13439323	ERR10167374
Scorrano2022	ERS13439324	ERR10167375
Ottoni2021	ERS6256686	ERR5729614
Ottoni2021	ERS6256687	ERR5729615
Ottoni2021	ERS6256688	ERR5729616
Ottoni2021	ERS6256689	ERR5729617
Ottoni2021	ERS6256690	ERR5729618
Ottoni2021	ERS6256691	ERR5729619
Ottoni2021	ERS6256692	ERR5729620
Ottoni2021	ERS6256693	ERR5729621
Ottoni2021	ERS6256694	ERR5729622
Ottoni2021	ERS6256695	ERR5729623
Ottoni2021	ERS6256696	ERR5729624
Ottoni2021	ERS6256697	ERR5729625
Ottoni2021	ERS6256698	ERR5729626
Ottoni2021	ERS6256699	ERR5729627
Ottoni2021	ERS6256700	ERR5729628
Ottoni2021	ERS6256701	ERR5729629
Ottoni2021	ERS6256702	ERR5729630
Ottoni2021	ERS6256703	ERR5729631
Ottoni2021	ERS6256704	ERR5729632
Ottoni2021	ERS6256705	ERR5729633
Ottoni2021	ERS6256706	ERR5729634
Ottoni2021	ERS6256707	ERR5729635
Ottoni2021	ERS6256708	ERR5729636
Ottoni2021	ERS6256709	ERR5729637
Ottoni2021	ERS6256710	ERR5729638
Ottoni2021	ERS6256711	ERR5729639
Ottoni2021	ERS6256712	ERR5729640
Ottoni2021	ERS6256713	ERR5729641
Ottoni2021	ERS6256714	ERR5729642
Ottoni2021	ERS6256715	ERR5729643
Ottoni2021	ERS6256716	ERR5729644
Ottoni2021	ERS6256717	ERR5729645
Ottoni2021	ERS6256718	ERR5729646
Ottoni2021	ERS6256719	ERR5729647
Ottoni2021	ERS6256720	ERR5729648
Ottoni2021	ERS6256721	ERR5729649
Ottoni2021	ERS6256722	ERR5729650
Ottoni2021	ERS6256723	ERR5729651
Ottoni2021	ERS6256724	ERR5729652
Ottoni2021	ERS6256725	ERR5729653
Ottoni2021	ERS6256726	ERR5729654
Ottoni2021	ERS6256727	ERR5729655
Ottoni2021	ERS6256728	ERR5729656
Ottoni2021	ERS6256729	ERR5729657
Fotakis2020	ERS5113011	ERR8050978
Brealey2020	ERS4545909	ERS4545909
Brealey2020	ERS4545910	ERS4545910
Brealey2020	ERS4545911	ERS4545911
Brealey2020	ERS4545912	ERS4545912
Brealey2020	ERS4545913	ERS4545913
Brealey2020	ERS4545914	ERS4545914
Brealey2020	ERS4545915	ERS4545915
Brealey2020	ERS4545916	ERS4545916
Brealey2020	ERS4545917	ERS4545917
Brealey2020	ERS4545918	ERS4545918
Brealey2020	ERS4545919	ERS4545919
Brealey2021	ERS6955103	ERS6955103
Brealey2021	ERS6955104	ERS6955104
Brealey2021	ERS6955105	ERS6955105
Brealey2021	ERS6955106	ERS6955106
Brealey2021	ERS6955107	ERS6955107
Brealey2021	ERS6955108	ERS6955108
Brealey2021	ERS6955109	ERS6955109
Brealey2021	ERS6955110	ERS6955110
Brealey2021	ERS6955111	ERS6955111
Brealey2021	ERS6955112	ERS6955112
Brealey2021	ERS6955113	ERS6955113
Brealey2021	ERS6955114	ERS6955114
Brealey2021	ERS6955115	ERS6955115
Brealey2021	ERS6955116	ERS6955116
Brealey2021	ERS6955117	ERS6955117
Brealey2021	ERS6955118	ERS6955118
Brealey2021	ERS6955119	ERS6955119
Brealey2021	ERS6955120	ERS6955120
Brealey2021	ERS6955121	ERS6955121
Brealey2021	ERS6955122	ERS6955122
Brealey2021	ERS6955123	ERS6955123
Brealey2021	ERS6955124	ERS6955124
Brealey2021	ERS6955125	ERS6955125
Brealey2021	ERS6955126	ERS6955126
Brealey2021	ERS6955127	ERS6955127
Brealey2021	ERS6955128	ERS6955128
Brealey2021	ERS6955129	ERS6955129
Brealey2021	ERS6955130	ERS6955130
Brealey2021	ERS6955131	ERS6955131
Brealey2021	ERS6955132	ERS6955132
Brealey2021	ERS6955133	ERS6955133
Brealey2021	ERS6955134	ERS6955134
Brealey2021	ERS6955135	ERS6955135
Brealey2021	ERS6955136	ERS6955136
Brealey2021	ERS6955137	ERS6955137
Brealey2021	ERS6955138	ERS6955138
Brealey2021	ERS6955139	ERS6955139
Brealey2021	ERS6955140	ERS6955140
Brealey2021	ERS6955141	ERS6955141
Brealey2021	ERS6955142	ERS6955142
Brealey2021	ERS6955143	ERS6955143
Brealey2021	ERS6955144	ERS6955144
Brealey2021	ERS6955145	ERS6955145
Brealey2021	ERS6955146	ERS6955146
Brealey2021	ERS6955147	ERS6955147
Brealey2021	ERS6955148	ERS6955148
Brealey2021	ERS6955149	ERS6955149
Brealey2021	ERS6955150	ERS6955150
Brealey2021	ERS6955151	ERS6955151
Brealey2021	ERS6955152	ERS6955152
Brealey2021	ERS6955153	ERS6955153
Brealey2021	ERS6955154	ERS6955154
Brealey2021	ERS6955155	ERS6955155
Brealey2021	ERS6955156	ERS6955156
Brealey2021	ERS6955157	ERS6955157
Brealey2021	ERS6955158	ERS6955158
Brealey2021	ERS6955159	ERS6955159
Brealey2021	ERS6955160	ERS6955160
Brealey2021	ERS6955161	ERS6955161
Brealey2021	ERS6955162	ERS6955162
Brealey2021	ERS6955163	ERS6955163
Brealey2021	ERS6955164	ERS6955164
Brealey2021	ERS6955165	ERS6955165
Brealey2021	ERS6955166	ERS6955166
Brealey2021	ERS6955167	ERS6955167
Brealey2021	ERS6955168	ERS6955168
Brealey2021	ERS6955169	ERS6955169
Brealey2021	ERS6955170	ERS6955170
Brealey2021	ERS6955171	ERS6955171
Brealey2021	ERS6955172	ERS6955172
Brealey2021	ERS6955173	ERS6955173
Brealey2021	ERS6955174	ERS6955174
Brealey2021	ERS6955175	ERS6955175
Brealey2021	ERS6955176	ERS6955176
Brealey2021	ERS6955177	ERS6955177
Brealey2021	ERS6955178	ERS6955178
Brealey2021	ERS6955179	ERS6955179
Brealey2021	ERS6955180	ERS6955180
Brealey2021	ERS6955181	ERS6955181
Moraitou2022	ERS9656246	ERS9656246
Moraitou2022	ERS9656247	ERS9656247
Moraitou2022	ERS9656248	ERS9656248
Moraitou2022	ERS9656249	ERS9656249
Moraitou2022	ERS9656250	ERS9656250
Moraitou2022	ERS9656251	ERS9656251
Moraitou2022	ERS9656252	ERS9656252
Moraitou2022	ERS9656253	ERS9656253
Moraitou2022	ERS9656254	ERS9656254
Moraitou2022	ERS9656255	ERS9656255
Moraitou2022	ERS9656256	ERS9656256
Moraitou2022	ERS9656257	ERS9656257
Moraitou2022	ERS9656258	ERS9656258
Moraitou2022	ERS9656259	ERS9656259
Moraitou2022	ERS9656260	ERS9656260
Moraitou2022	ERS9656261	ERS9656261
Moraitou2022	ERS9656262	ERS9656262
Moraitou2022	ERS9656263	ERS9656263
Moraitou2022	ERS9656264	ERS9656264
Moraitou2022	ERS9656265	ERS9656265
Moraitou2022	ERS9656266	ERS9656266
Moraitou2022	ERS9656267	ERS9656267
Moraitou2022	ERS9656268	ERS9656268
Moraitou2022	ERS9656269	ERS9656269
Moraitou2022	ERS9656270	ERS9656270
Moraitou2022	ERS9656271	ERS9656271
FellowsYates2021	ERS3774471	ESA003.A0101
FellowsYates2021	ERS3774472	ESA004.A0101
FellowsYates2021	ERS3774473	ESA006.A0101
FellowsYates2021	ERS3774474	ESA007.A0101
FellowsYates2021	ERS3774475	ESA008.A0101
FellowsYates2021	ERS3774408	FDM001.A0101
FellowsYates2021	ERS3774433	FUM001.A0101
FellowsYates2021	ERS3774434	FUM002.A0101
FellowsYates2021	ERS3774435	FUM003.A0101
PacificCalculus	ERSX0004022	FUT018.B0101
PacificCalculus	ERSX0004023	FUT021.B0101
PacificCalculus	ERSX0004024	FUT024.B0101
Warinner2014	SRS473746	G12
Brealey2020	ERS4545903	Gb1-reg
Brealey2020	ERS4545903	Gb1-uv
Brealey2020	ERS4545903	Gb1-wash
Brealey2020	ERS4545906	Gb2-reg
Brealey2020	ERS4545906	Gb2-uv
Brealey2020	ERS4545906	Gb2-wash
FellowsYates2021	ERS3774403	GDC002.A0101
FellowsYates2021	ERS3774404	GDC004.A0101
FellowsYates2021	ERS3774405	GDC005.A0101
FellowsYates2021	ERS3774436	GDN001.A0101
FellowsYates2021	ERS3774436	GDN001.B0101
FellowsYates2021	ERS3774438	GOY005.A0103
FellowsYates2021	ERS3774439	GOY006.A0102
FellowsYates2021	ERS3774440	GUE001.A0101
PacificCalculus	ERSX0004025	HCLVMBCX2-3505-01-00-01_S1
PacificCalculus	ERSX0004026	HCLVMBCX2-3505-02-00-01_S2
PacificCalculus	ERSX0004027	HCLVMBCX2-3505-03-00-01_S3
PacificCalculus	ERSX0004028	HCLVMBCX2-3505-04-00-01_S4
PacificCalculus	ERSX0004029	HCLVMBCX2-3505-05-00-01_S5
PacificCalculus	ERSX0004030	HCLVMBCX2-3505-06-00-01_S6
PacificCalculus	ERSX0004031	HCLVMBCX2-3505-07-00-01_S7
PacificCalculus	ERSX0004032	HCLVMBCX2-3505-08-00-01_S8
PacificCalculus	ERSX0004033	HCLVMBCX2-3505-09-00-01_S9
PacificCalculus	ERSX0004034	HCLVMBCX2-3505-10-00-01_S10
PacificCalculus	ERSX0004035	HCLVMBCX2-3505-11-00-01_S11
PacificCalculus	ERSX0004036	HCLVMBCX2-3505-12-00-01_S12
PacificCalculus	ERSX0004037	HCLVMBCX2-3505-13-00-01_S13
PacificCalculus	ERSX0004038	HCLVMBCX2-3505-14-00-01_S14
PacificCalculus	ERSX0004039	HCLVMBCX2-3505-15-00-01_S15
PacificCalculus	ERSX0004040	HCLVMBCX2-3505-16-00-01_S16
PacificCalculus	ERSX0004041	HCLVMBCX2-3505-17-00-01_S17
PacificCalculus	ERSX0004042	HCLVMBCX2-3505-18-00-01_S18
PacificCalculus	ERSX0004043	HCLVMBCX2-3505-19-00-01_S19
PacificCalculus	ERSX0004044	HCLVMBCX2-3505-20-00-01_S20
PacificCalculus	ERSX0004045	HCLVMBCX2-3505-21-00-01_S21
PacificCalculus	ERSX0004046	HCLVMBCX2-3505-22-00-01_S22
PacificCalculus	ERSX0004047	HCLVMBCX2-3505-23-00-01_S23
PacificCalculus	ERSX0004048	HCLVMBCX2-3505-24-00-01_S24
PacificCalculus	ERSX0004049	HCLVMBCX2-3505-25-00-01_S25
PacificCalculus	ERSX0004050	HCLVMBCX2-3505-26-00-01_S26
PacificCalculus	ERSX0004051	HCLVMBCX2-3505-27-00-01_S27
PacificCalculus	ERSX0004052	HCLVMBCX2-3505-28-00-01_S28
PacificCalculus	ERSX0004053	HCLVMBCX2-3505-29-00-01_S29
PacificCalculus	ERSX0004054	HCLVMBCX2-3505-31-00-01_S31
PacificCalculus	ERSX0004055	HCLVMBCX2-3505-32-00-01_S32
PacificCalculus	ERSX0004056	HCLVMBCX2-3505-33-00-01_S33
PacificCalculus	ERSX0004057	HPD005.B0101
PacificCalculus	ERSX0004058	HPD006.B0101
PacificCalculus	ERSX0004059	HPD007.B0101
FellowsYates2021	ERS3774409	IBA001.A0101
FellowsYates2021	ERS3774410	IBA002.A0101
Velsko2022	ERS11702734	IVE002.B0101
Velsko2022	ERS11702735	IVE003.A0101
Velsko2022	ERS11702736	IVE005.A0101
Velsko2022	ERS11702737	IVE005.B0101
Velsko2022	ERS11702738	IVE007.B0101
Velsko2019	ERS3395764	JAE006.A0101
Velsko2019	ERS3395765	JAE007.A0101
Velsko2019	ERS3395766	JAE008.A0101
Velsko2019	ERS3395767	JAE009.A0101
Velsko2019	ERS3395768	JAE010.A0101
Velsko2019	ERS3395769	JAE012.A0101
Velsko2019	ERS3395770	JAE013.A0101
Velsko2019	ERS3395771	JAE014.A0101
Velsko2019	ERS3395772	JAE015.A0101
Velsko2019	ERS3395773	JAE016.A0101
FellowsYates2021	ERS3774419	KNP001.A0102
FellowsYates2021	ERS3774420	KNP003.A0102
FellowsYates2021	ERS3774421	KNP004.A0102
FellowsYates2021	ERS3774422	KNP005.A0102
FellowsYates2021	ERS3774423	KNP006.A0102
FellowsYates2021	ERS3774424	KNP007.A0102
FellowsYates2021	ERS3774425	KNP009.A0102
Mann2018	SRS3078183	KT01
Mann2018	SRS3078176	KT02
Mann2018	SRS3078178	KT03
Mann2018	SRS3078185	KT04
Mann2018	SRS3078115	KT05
Mann2018	SRS3078111	KT06
Mann2018	SRS3078113	KT07
Mann2018	SRS3078109	KT08
Mann2018	SRS3078097	KT09
Mann2018	SRS3078101	KT10
Mann2018	SRS3078105	KT11
Mann2018	SRS3078133	KT12
Mann2018	SRS3078131	KT13
Mann2018	SRS3078134	KT14
Mann2018	SRS3078120	KT15
Mann2018	SRS3078122	KT16
Mann2018	SRS3078124	KT17
Mann2018	SRS3078126	KT18
Mann2018	SRS3078118	KT19
Mann2018	SRS3078148	KT20
Mann2018	SRS3078150	KT21
Mann2018	SRS3078151	KT22
Mann2018	SRS3078155	KT23
Mann2018	SRS3078156	KT24
Mann2018	SRS3078197	KT25
Mann2018	SRS3078139	KT26
Mann2018	SRS3078093	KT27
Mann2018	SRS3078091	KT28
Mann2018	SRS3078087	KT29
Mann2018	SRS3078193	KT30
Mann2018	SRS3078158	KT31
Mann2018	SRS3078192	KT32
Mann2018	SRS3078170	KT33
Mann2018	SRS3078167	KT34
Mann2018	SRS3078165	KT35
Mann2018	SRS3078163	KT36
FellowsYates2021	ERS3774477	LIS001.A0101
FellowsYates2021	ERS3774478	LIS002.A0101
FellowsYates2021	ERS3774479	LIS003.A0101
FellowsYates2021	ERS3774406	LOB001.A0101
Jacobson2020	SRS7212793	MAWB10
Jacobson2020	SRS7212794	MAWB11
Jacobson2020	SRS7212795	MAWB12
Jacobson2020	SRS7212796	MAWB15
Jacobson2020	SRS7212790	MAWB3
Jacobson2020	SRS7212791	MAWB5
Jacobson2020	SRS7212792	MAWB6
Velsko2022	ERS11702739	MID022.A0101
Velsko2022	ERS11702740	MID023.A0101
Velsko2022	ERS11702741	MID024.A0101
Velsko2022	ERS11702742	MID025.A0101
Velsko2022	ERS11702743	MID026.A0101
Velsko2022	ERS11702744	MID027.A0101
Velsko2022	ERS11702745	MID028.A0101
Velsko2022	ERS11702746	MID029.A0101
Velsko2022	ERS11702747	MID030.A0101
Velsko2022	ERS11702748	MID031.A0101
Velsko2022	ERS11702749	MID032.A0101
Velsko2022	ERS11702750	MID033.A0101
Velsko2022	ERS11702751	MID034.A0101
Velsko2022	ERS11702752	MID035.A0101
Velsko2022	ERS11702753	MID036.A0101
Velsko2022	ERS11702754	MID037.A0101
Velsko2022	ERS11702755	MID038.A0101
Velsko2022	ERS11702756	MID039.A0101
Velsko2022	ERS11702757	MID040.A0101
Velsko2022	ERS11702758	MID041.A0101
Velsko2022	ERS11702759	MID042.A0101
Velsko2022	ERS11702760	MID043.A0101
Velsko2022	ERS11702761	MID044.A0101
Velsko2022	ERS11702762	MID045.A0101
Velsko2022	ERS11702763	MID046.A0101
Velsko2022	ERS11702764	MID047.A0101
Velsko2022	ERS11702765	MID048.A0101
Velsko2022	ERS11702766	MID049.A0101
Velsko2022	ERS11702767	MID050.A0101
Velsko2022	ERS11702768	MID051.A0101
Velsko2022	ERS11702769	MID052.A0101
Velsko2022	ERS11702770	MID053.A0101
Velsko2022	ERS11702771	MID054.A0101
Velsko2022	ERS11702772	MID055.A0101
Velsko2022	ERS11702773	MID056.A0101
Velsko2022	ERS11702774	MID057.A0101
Velsko2022	ERS11702775	MID058.A0101
Velsko2022	ERS11702776	MID059.A0101
Velsko2022	ERS11702777	MID060.A0101
Velsko2022	ERS11702778	MID061.A0101
Velsko2022	ERS11702779	MID062.A0101
Velsko2022	ERS11702780	MID063.A0101
Velsko2022	ERS11702781	MID064.A0101
Velsko2022	ERS11702782	MID065.A0101
Velsko2022	ERS11702783	MID066.A0101
Velsko2022	ERS11702784	MID067.A0101
Velsko2022	ERS11702785	MID068.A0101
Velsko2022	ERS11702786	MID068.B0101
Velsko2022	ERS11702787	MID070.A0101
Velsko2022	ERS11702788	MID071.A0101
Velsko2022	ERS11702789	MID072.A0101
Velsko2022	ERS11702790	MID073.A0101
Velsko2022	ERS11702791	MID074.A0101
Velsko2022	ERS11702792	MID075.A0101
Velsko2022	ERS11702793	MID076.A0101
Velsko2022	ERS11702794	MID077.A0101
Velsko2022	ERS11702795	MID078.A0101
Velsko2022	ERS11702796	MID079.A0101
Velsko2022	ERS11702797	MID080.A0101
Velsko2022	ERS11702798	MID081.A0101
Velsko2022	ERS11702799	MID082.A0101
Velsko2022	ERS11702800	MID083.A0101
Velsko2022	ERS11702801	MID084.A0101
Velsko2022	ERS11702802	MID085.A0101
Velsko2022	ERS11702803	MID086.A0101
Velsko2022	ERS11702804	MID087.A0101
Velsko2022	ERS11702805	MID088.A0101
Velsko2022	ERS11702806	MID089.A0101
Velsko2022	ERS11702807	MID090.A0101
Velsko2022	ERS11702808	MID091.A0101
Velsko2022	ERS11702809	MID092.A0101
Velsko2022	ERS11702810	MID093.A0101
Velsko2022	ERS11702811	MID094.A0101
Velsko2022	ERS11702812	MID097.A0101
Velsko2022	ERS11702813	MID101.A0101
Velsko2022	ERS11702814	MID102.A0101
FellowsYates2021	ERS3774465	MOA001.A0101
FellowsYates2021	ERS3774465	MOA001.A0102
FellowsYates2021	ERS3774383	MTK001.A0101
FellowsYates2021	ERS3774384	MTM001.A0101
FellowsYates2021	ERS3774385	MTM002.A0101
FellowsYates2021	ERS3774386	MTM003.A0101
FellowsYates2021	ERS3774387	MTM004.A0101
FellowsYates2021	ERS3774388	MTM005.A0101
FellowsYates2021	ERS3774389	MTM006.A0101
FellowsYates2021	ERS3774390	MTM008.A0101
FellowsYates2021	ERS3774391	MTM009.A0101
FellowsYates2021	ERS3774398	MTM010.A0101
FellowsYates2021	ERS3774392	MTM011.A0101
FellowsYates2021	ERS3774393	MTM012.A0101
FellowsYates2021	ERS3774394	MTM013.A0101
FellowsYates2021	ERS3774395	MTS001.A0101
FellowsYates2021	ERS3774396	MTS002.A0101
FellowsYates2021	ERS3774397	MTS003.A0101
PacificCalculus	ERSX0004060	NMU115.A0101
PacificCalculus	ERSX0004061	NMU116.A0101
PacificCalculus	ERSX0004062	NMU117.A0101
PacificCalculus	ERSX0004063	NMU118.A0101
PacificCalculus	ERSX0004064	NMU119.A0101
PacificCalculus	ERSX0004065	NMU120.A0101
PacificCalculus	ERSX0004066	NMU121.A0101
PacificCalculus	ERSX0004067	NMU122.A0101
PacificCalculus	ERSX0004068	NMU123.A0101
PacificCalculus	ERSX0004069	NMU124.A0101
PacificCalculus	ERSX0004070	NMU125.A0101
PacificCalculus	ERSX0004071	NMU126.A0101
PacificCalculus	ERSX0004072	NMU127.A0101
PacificCalculus	ERSX0004073	NMU128.A0101
PacificCalculus	ERSX0004074	NMU129.A0101
PacificCalculus	ERSX0004075	NMU130.A0101
PacificCalculus	ERSX0004076	NMU131.A0101
FellowsYates2021	ERS3774446	OAK001.A0101
FellowsYates2021	ERS3774447	OAK002.A0101
FellowsYates2021	ERS3774448	OAK003.A0101
FellowsYates2021	ERS3774449	OAK004.A0101
FellowsYates2021	ERS3774450	OAK005.A0101
FellowsYates2021	ERS3774468	OFN001.A0101
FellowsYates2021	ERS3774378	OME002.A0101
FellowsYates2021	ERS3774379	OME003.A0101
FellowsYates2021	ERS3774380	OME005.A0101
FellowsYates2021	ERS3774381	OME007.A0101
FellowsYates2021	ERS3774382	OME009.A0101
PacificCalculus	ERSX0004077	PAH001.A0102
PacificCalculus	ERSX0004078	PAH002.A0101
PacificCalculus	ERSX0004079	PAH003.A0101
FellowsYates2021	ERS3774441	PES001.B0101
FellowsYates2021	ERS3774469	PLV001.A0101
FellowsYates2021	ERS3774480	PYK001.A0101
FellowsYates2021	ERS3774481	PYK002.A0101
FellowsYates2021	ERS3774482	PYK003.A0101
FellowsYates2021	ERS3774483	PYK004.A0101
FellowsYates2021	ERS3774484	PYK005.A0101
RIII2023	ERSX0002001	R31
RIII2023	ERSX0002001	R32A
RIII2023	ERSX0002001	R32B
RIII2023	ERSX0002001	R33
PacificCalculus	ERSX0004081	RAP001.A0101
PacificCalculus	ERSX0004082	RAP002.A0101
FellowsYates2021	ERS3774470	RIG001.A0101
Fagernaes2020	ERS4042419	RUV001
Jacobson2020	SRS7212787	SA-001
Jacobson2020	SRS7212788	SA-002
Jacobson2020	SRS7212797	SA-003
Jacobson2020	SRS7212798	SA-004
Jacobson2020	SRS7212799	SA-005
Jacobson2020	SRS7212800	SA-006
Jacobson2020	SRS7212801	SA-007
Jacobson2020	SRS7212802	SA-008
Jacobson2020	SRS7212803	SA-009
Jacobson2020	SRS7212804	SA-010
Jacobson2020	SRS7212789	SA-011
PacificCalculus	ERSX0004083	SIG031.A0101
PacificCalculus	ERSX0004084	SIG032.A0101
PacificCalculus	ERSX0004085	SIG033.A0101
PacificCalculus	ERSX0004086	SIG034.A0101
PacificCalculus	ERSX0004087	SIG035.A0101
PacificCalculus	ERSX0004088	SIG036.A0101
PacificCalculus	ERSX0004089	SIG037.A0101
PacificCalculus	ERSX0004090	SIG038.A0101
PacificCalculus	ERSX0004091	SIG039.A0101
PacificCalculus	ERSX0004092	SIG040.A0101
PacificCalculus	ERSX0004093	SIG040.A0201
PacificCalculus	ERSX0004094	SIG041.A0101
PacificCalculus	ERSX0004095	SIG042.A0101
PacificCalculus	ERSX0004096	SIG043.A0101
PacificCalculus	ERSX0004097	SIG044.A0101
PacificCalculus	ERSX0004098	SIG045.A0101
PacificCalculus	ERSX0004099	SIG046.A0101
PacificCalculus	ERSX0004100	SIG046.A0201
PacificCalculus	ERSX0004101	SIG047.A0101
Fagernaes2020	ERS4042423	SMD017
Fagernaes2020	ERS4042427	SMD046
Fagernaes2020	ERS4042431	SMD051
SMH2023	ERSX0003001	SMH005.A
SMH2023	ERSX0003002	SMH007.A
SMH2023	ERSX0003003	SMH008.A
FellowsYates2021	ERS3774442	SPM001.A0101
FellowsYates2021	ERS3774443	SPM002.A0101
Eisenhofer2020	SRS6212663	SRR11176627
Eisenhofer2020	SRS6212662	SRR11176628
Eisenhofer2020	SRS6212661	SRR11176629
Eisenhofer2020	SRS6212660	SRR11176630
Eisenhofer2020	SRS6212659	SRR11176631
Eisenhofer2020	SRS6212658	SRR11176632
Eisenhofer2020	SRS6212657	SRR11176633
Eisenhofer2020	SRS6212656	SRR11176634
Eisenhofer2020	SRS6212655	SRR11176635
Eisenhofer2020	SRS6212654	SRR11176636
Eisenhofer2020	SRS6212652	SRR11176638
Eisenhofer2020	SRS6212651	SRR11176639
Eisenhofer2020	SRS6212650	SRR11176640
Eisenhofer2020	SRS6212649	SRR11176641
Eisenhofer2020	SRS6212648	SRR11176642
Williams2020	SRS6939171	SRR12136712
Williams2020	SRS6939170	SRR12136713
Modi2020	SRS7296487	SRR12557006
Modi2020	SRS7296488	SRR12557007
Modi2020	SRS7296485	SRR12557008
Weyrich2017	SRS7890505	SRR13263116
Weyrich2017	SRS7890503	SRR13263117
Weyrich2017	SRS7890504	SRR13263118
Weyrich2017	SRS7890501	SRR13263119
Weyrich2017	SRS7890502	SRR13263120
Weyrich2017	SRS7890498	SRR13263123
Weyrich2017	SRS7890496	SRR13263124
Weyrich2017	SRS7890495	SRR13263126
Weyrich2017	SRS7890492	SRR13263127
Weyrich2017	SRS7890494	SRR13263128
Weyrich2017	SRS7890491	SRR13263130
Weyrich2017	SRS7890487	SRR13263131
Weyrich2017	SRS7890489	SRR13263132
Weyrich2017	SRS7890490	SRR13263133
Weyrich2017	SRS7890488	SRR13263134
Weyrich2017	SRS7890485	SRR13263135
Weyrich2017	SRS7890486	SRR13263136
Weyrich2017	SRS7890483	SRR13263137
Weyrich2017	SRS7890484	SRR13263138
Farrer2021	SRS7967589	SRR13355784
Farrer2021	SRS7967588	SRR13355785
Farrer2021	SRS7967587	SRR13355786
Farrer2021	SRS7967586	SRR13355787
Farrer2021	SRS7967584	SRR13355789
Farrer2021	SRS7967583	SRR13355790
Farrer2021	SRS7967582	SRR13355791
Farrer2021	SRS7967581	SRR13355792
Farrer2021	SRS7967579	SRR13355794
Farrer2021	SRS7967577	SRR13355796
Farrer2021	SRS7967576	SRR13355797
Farrer2021	SRS7967575	SRR13355798
Farrer2021	SRS7967574	SRR13355799
Farrer2021	SRS7967573	SRR13355800
Farrer2021	SRS7967572	SRR13355801
Farrer2021	SRS7967571	SRR13355802
Farrer2021	SRS7967570	SRR13355803
Farrer2021	SRS7967569	SRR13355804
Farrer2021	SRS7967568	SRR13355805
Farrer2021	SRS7967567	SRR13355806
Farrer2021	SRS7967566	SRR13355807
Farrer2021	SRS7967565	SRR13355808
Farrer2021	SRS7967564	SRR13355809
Farrer2021	SRS7967563	SRR13355810
Farrer2021	SRS7967562	SRR13355811
Farrer2021	SRS7967561	SRR13355812
Farrer2021	SRS7967560	SRR13355813
Modi2021	SRS9263819	SRR14894172
Modi2021	SRS9263820	SRR14894173
Modi2021	SRS9263818	SRR14894174
Modi2021	SRS9263822	SRR14894175
Modi2021	SRS9263817	SRR14894176
Modi2021	SRS9263816	SRR14894177
Quagliariello2022	SRS11653613	SRR17604731
Quagliariello2022	SRS11653612	SRR17604732
Quagliariello2022	SRS11653608	SRR17604735
Quagliariello2022	SRS11653610	SRR17604736
Quagliariello2022	SRS11653607	SRR17604737
Quagliariello2022	SRS11653606	SRR17604738
Quagliariello2022	SRS11653605	SRR17604739
Quagliariello2022	SRS11653604	SRR17604740
Quagliariello2022	SRS11653603	SRR17604741
Quagliariello2022	SRS11653602	SRR17604742
Quagliariello2022	SRS11653601	SRR17604743
Quagliariello2022	SRS11653600	SRR17604744
Quagliariello2022	SRS11653599	SRR17604745
Quagliariello2022	SRS11653598	SRR17604746
Quagliariello2022	SRS11653597	SRR17604747
Quagliariello2022	SRS11653596	SRR17604748
Quagliariello2022	SRS11653595	SRR17604749
Quagliariello2022	SRS11653594	SRR17604750
Quagliariello2022	SRS11653593	SRR17604751
Quagliariello2022	SRS11653592	SRR17604752
Quagliariello2022	SRS11653591	SRR17604753
Quagliariello2022	SRS11653588	SRR17604754
Quagliariello2022	SRS11653590	SRR17604755
Quagliariello2022	SRS11653589	SRR17604756
Quagliariello2022	SRS11653587	SRR17604757
Quagliariello2022	SRS11653586	SRR17604758
Quagliariello2022	SRS11653585	SRR17604759
Quagliariello2022	SRS11653584	SRR17604760
Quagliariello2022	SRS11653582	SRR17604761
Quagliariello2022	SRS11653583	SRR17604762
Quagliariello2022	SRS11653581	SRR17604763
Quagliariello2022	SRS11653580	SRR17604764
Quagliariello2022	SRS11653579	SRR17604765
Quagliariello2022	SRS11653578	SRR17604766
Quagliariello2022	SRS11653577	SRR17604767
Quagliariello2022	SRS11653576	SRR17604768
Quagliariello2022	SRS11653575	SRR17604769
Quagliariello2022	SRS11653573	SRR17604770
Quagliariello2022	SRS11653574	SRR17604771
Quagliariello2022	SRS11653572	SRR17604772
Quagliariello2022	SRS11653571	SRR17604773
Quagliariello2022	SRS11653570	SRR17604774
Quagliariello2022	SRS11653569	SRR17604775
Quagliariello2022	SRS11653568	SRR17604776
Quagliariello2022	SRS11653567	SRR17604777
Quagliariello2022	SRS11653566	SRR17604778
Quagliariello2022	SRS11653565	SRR17604779
Quagliariello2022	SRS11653563	SRR17604780
Quagliariello2022	SRS11653564	SRR17604781
Quagliariello2022	SRS11653562	SRR17604782
Quagliariello2022	SRS11653561	SRR17604783
Quagliariello2022	SRS11653560	SRR17604784
Quagliariello2022	SRS11653559	SRR17604785
Quagliariello2022	SRS11653558	SRR17604786
Quagliariello2022	SRS11653557	SRR17604787
Quagliariello2022	SRS11653556	SRR17604788
Quagliariello2022	SRS11653555	SRR17604789
Quagliariello2022	SRS11653554	SRR17604790
Quagliariello2022	SRS11653553	SRR17604791
Quagliariello2022	SRS11653552	SRR17604792
Quagliariello2022	SRS11653551	SRR17604793
Quagliariello2022	SRS11653550	SRR17604794
Quagliariello2022	SRS11653549	SRR17604795
Quagliariello2022	SRS11653548	SRR17604796
Quagliariello2022	SRS11653546	SRR17604797
Quagliariello2022	SRS11653547	SRR17604798
Quagliariello2022	SRS11653545	SRR17604799
Quagliariello2022	SRS11653544	SRR17604800
Quagliariello2022	SRS11653543	SRR17604801
Quagliariello2022	SRS11653542	SRR17604802
Quagliariello2022	SRS11653540	SRR17604803
Quagliariello2022	SRS11653538	SRR17604804
Quagliariello2022	SRS11653539	SRR17604805
Quagliariello2022	SRS11653541	SRR17604806
Quagliariello2022	SRS11653537	SRR17604807
Quagliariello2022	SRS11653536	SRR17604808
Eerkens2018	SRS2006287	SRR5297130
Eerkens2018	SRS2006290	SRR5297131
Eerkens2018	SRS2006288	SRR5297132
Eerkens2018	SRS2006289	SRR5297133
Mann2018_w	SRS3078206	SRR6877282
Mann2018_w	SRS3078204	SRR6877284
Mann2018_w	SRS3078201	SRR6877286
Mann2018_w	SRS3078200	SRR6877288
Mann2018_w	SRS3078198	SRR6877290
Mann2018_w	SRS3078195	SRR6877292
Mann2018_w	SRS3078175	SRR6877310
Mann2018_w	SRS3078173	SRR6877312
Mann2018_w	SRS3078181	SRR6877323
Mann2018_w	SRS3078162	SRR6877324
Mann2018_w	SRS3078160	SRR6877326
Mann2018_w	SRS3078095	SRR6877393
FellowsYates2021	ERS3774451	TAF008.B0101
FellowsYates2021	ERS3774452	TAF016.B0101
FellowsYates2021	ERS3774453	TAF017.A0101
FellowsYates2021	ERS3774454	TAF017.C0101
FellowsYates2021	ERS3774455	TAF017.E0101
FellowsYates2021	ERS3774456	TAF018.A0101
FellowsYates2021	ERS3774457	TAF018.B0101
PacificCalculus	ERSX0004102	TAP001.B0101
PacificCalculus	ERSX0004103	TAP003.B0101
PacificCalculus	ERSX0004104	TON001.C0101
PacificCalculus	ERSX0004105	TON003.B0101
PacificCalculus	ERSX0004106	TON004.B0101
PacificCalculus	ERSX0004107	TON005.B0101
PacificCalculus	ERSX0004108	TON006.B0101
PacificCalculus	ERSX0004109	TON007.B0101
FellowsYates2021	ERS3774485	VLC001.A0101
FellowsYates2021	ERS3774486	VLC002.A0101
FellowsYates2021	ERS3774487	VLC003.A0101
FellowsYates2021	ERS3774488	VLC004.A0101
FellowsYates2021	ERS3774489	VLC005.A0101
FellowsYates2021	ERS3774490	VLC008.A0101
FellowsYates2021	ERS3774491	VLC009.A0101
FellowsYates2021	ERS3774492	VLC010.A0101
FellowsYates2021	ERS3774444	VLD001.A0101
FellowsYates2021	ERS3774411	WAL001.A0101
Honap2023	SRS15300786	WAMP02
Honap2023	SRS15300787	WAMP03
Honap2023	SRS15300798	WAMP04
Honap2023	SRS15300805	WAMP05
Honap2023	SRS15300806	WAMP06
Honap2023	SRS15300807	WAMP07
Honap2023	SRS15300808	WAMP09
Honap2023	SRS15300809	WAMP10
Honap2023	SRS15300810	WAMP11
Honap2023	SRS15300811	WAMP12
Honap2023	SRS15300788	WAMP13
Honap2023	SRS15300789	WAMP14
Honap2023	SRS15300790	WAMP15
Honap2023	SRS15300791	WAMP18
Honap2023	SRS15300792	WAMP19
Honap2023	SRS15300793	WAMP20
Honap2023	SRS15300794	WAMP21
Honap2023	SRS15300795	WAMP22
Honap2023	SRS15300796	WAMP23
Honap2023	SRS15300797	WAMP24
Honap2023	SRS15300799	WAMP25
Honap2023	SRS15300800	WAMP26
Honap2023	SRS15300801	WAMP27
Honap2023	SRS15300802	WAMP29
Honap2023	SRS15300803	WAMP33
Honap2023	SRS15300804	WAMP34
Fagernaes2020	ERS4042435	WIG001
FellowsYates2021	ERS3774445	ZAF001.A0101
